hop1_from,hop1_to,hop1_txn,hop1_amount,hop1_timestamp,hop2_from,hop2_to,hop2_txn,hop2_amount,hop2_timestamp,decay_ratio,hop3_txn,hop3_to_country,hop3_amount,hop3_timestamp,hop3_decay_ratio,scenario_id
ACC_1000446,ACC_1003302,TXN_76EAC5F943,240335.0,2023-07-25,ACC_1003302,ACC_1010958,TXN_CB1F95EA7B,229942.89,2023-07-26,0.9568,TXN_9B9A74BED1,BVI,220101.46,2023-07-28,0.9572,SCEN_LAY_c929c0
ACC_1000776,ACC_1011144,TXN_58288C8A06,402114.0,2023-01-17,ACC_1011144,ACC_1006681,TXN_C010575606,383209.27,2023-01-18,0.953,TXN_374C6085F6,Seychelles,353548.08,2023-01-20,0.9226,SCEN_LAY_14736b
ACC_1000978,ACC_1003678,TXN_B5115AA65B,388745.0,2023-10-18,ACC_1003678,ACC_1005124,TXN_25BB828207,371466.13,2023-10-20,0.9556,TXN_91B5AC35D2,Seychelles,356553.72,2023-10-21,0.9599,SCEN_LAY_170658
ACC_1001154,ACC_1004649,TXN_3D6A3C6E92,446039.0,2023-06-18,ACC_1004649,ACC_1005029,TXN_733C5F45BF,420570.9,2023-06-20,0.9429,TXN_F70D3053E7,Cayman Islands,401016.58,2023-06-21,0.9535,SCEN_LAY_41c6bc
ACC_1001506,ACC_1002236,TXN_D29DD3D9EA,241467.0,2023-06-25,ACC_1002236,ACC_1011792,TXN_1A14C11DDF,232594.15,2023-06-26,0.9633,TXN_71FADCAFF6,Panama,222301.04,2023-06-27,0.9557,SCEN_LAY_e92ceb
ACC_1001771,ACC_1005357,TXN_F0638DA26A,112650.0,2023-06-22,ACC_1005357,ACC_1004225,TXN_407A59948F,104489.04,2023-06-24,0.9276,TXN_1457BD540F,BVI,96119.68,2023-06-25,0.9199,SCEN_LAY_2b5a30
ACC_1002409,ACC_1007701,TXN_9A6FEFCA34,383242.0,2023-03-03,ACC_1007701,ACC_1008316,TXN_8EF9C78AA7,360472.7,2023-03-04,0.9406,TXN_EE998E250A,Seychelles,337068.77,2023-03-05,0.9351,SCEN_LAY_f9dd24
ACC_1003562,ACC_1006989,TXN_A222CFD9C9,278072.0,2023-08-11,ACC_1006989,ACC_1003226,TXN_4CCCF67F02,251223.42,2023-08-13,0.9034,TXN_A0170A51E0,Cayman Islands,231296.62,2023-08-14,0.9207,SCEN_LAY_1c5823
ACC_1003946,ACC_1010459,TXN_01A976FF5C,212515.0,2023-06-06,ACC_1010459,ACC_1004748,TXN_1BAD5595F4,207498.5,2023-06-08,0.9764,TXN_91332526D5,Cayman Islands,194975.66,2023-06-09,0.9396,SCEN_LAY_207df2
ACC_1004156,ACC_1007662,TXN_3CC5005CF4,300338.0,2023-09-23,ACC_1007662,ACC_1008970,TXN_65595AB69C,290407.79,2023-09-25,0.9669,TXN_7E3B859FA4,BVI,278531.62,2023-09-26,0.9591,SCEN_LAY_8df33a
ACC_1004837,ACC_1002700,TXN_4951578274,413105.0,2023-06-19,ACC_1002700,ACC_1011046,TXN_0DEEE7388F,374093.07,2023-06-21,0.9056,TXN_037D0C2AED,Cayman Islands,361570.8,2023-06-22,0.9665,SCEN_LAY_4ef8d4
ACC_1005232,ACC_1011547,TXN_D8FCC05899,331712.0,2023-03-14,ACC_1011547,ACC_1003369,TXN_8F0D33D61B,320357.34,2023-03-15,0.9658,TXN_3F04D2E6E8,Panama,306922.92,2023-03-16,0.9581,SCEN_LAY_effbce
ACC_1005869,ACC_1000229,TXN_D42D12097C,459459.0,2023-09-17,ACC_1000229,ACC_1005786,TXN_91F7D014E2,440389.17,2023-09-19,0.9585,TXN_F07324A07E,BVI,415443.44,2023-09-20,0.9434,SCEN_LAY_fe4250
ACC_1006000,ACC_1007239,TXN_77D37DCAEA,353053.0,2023-08-31,ACC_1007239,ACC_1000609,TXN_77D333D0B9,323966.37,2023-09-02,0.9176,TXN_14CF085CD9,Panama,299458.9,2023-09-03,0.9244,SCEN_LAY_2e68b0
ACC_1006449,ACC_1007282,TXN_C3C589846E,272442.0,2023-08-22,ACC_1007282,ACC_1010311,TXN_D1CE15A1F3,261842.68,2023-08-23,0.9611,TXN_E2069E11BC,Cayman Islands,238381.53,2023-08-24,0.9104,SCEN_LAY_401c50
ACC_1006536,ACC_1004794,TXN_BC2277096C,347202.0,2023-08-14,ACC_1004794,ACC_1005896,TXN_24F97FD2B7,336901.31,2023-08-16,0.9703,TXN_54BDDC80F8,BVI,304191.88,2023-08-17,0.9029,SCEN_LAY_53a492
ACC_1006636,ACC_1006836,TXN_353A7071D2,478922.0,2023-05-30,ACC_1006836,ACC_1004952,TXN_3AD11DFA3E,445994.12,2023-05-31,0.9312,TXN_C6E92B7D4A,Panama,407625.59,2023-06-02,0.914,SCEN_LAY_c57d0b
ACC_1007638,ACC_1003991,TXN_4EDCECF176,290513.0,2023-05-04,ACC_1003991,ACC_1004436,TXN_40A39A34F7,262987.96,2023-05-05,0.9053,TXN_86AE6EFE78,Cayman Islands,253935.08,2023-05-06,0.9656,SCEN_LAY_fea2e8
ACC_1009611,ACC_1003830,TXN_E8066EB519,388814.0,2023-03-02,ACC_1003830,ACC_1006353,TXN_6CB293EDD2,369054.39,2023-03-03,0.9492,TXN_037AC4C3E7,Seychelles,361101.15,2023-03-05,0.9784,SCEN_LAY_be2465
ACC_1009982,ACC_1007161,TXN_449190BD5F,198363.0,2023-08-28,ACC_1007161,ACC_1006635,TXN_24F7F0FDB9,186169.59,2023-08-29,0.9385,TXN_609270FB6C,Panama,178060.39,2023-08-30,0.9564,SCEN_LAY_94a7ca
ACC_1011486,ACC_1008160,TXN_16AF8A194F,133441.0,2023-06-08,ACC_1008160,ACC_1006930,TXN_502F7DE9B0,125407.09,2023-06-09,0.9398,TXN_5F95100658,Cayman Islands,119422.21,2023-06-10,0.9523,SCEN_LAY_97cd6a
