customer_id,scenario,window_start,window_end,num_deposits,total_amount,transaction_ids
CUST_100239,7-Day Standard Structuring,2023-06-29 13:00:00,2023-07-06 13:00:00,4,53956.69,"['TXN_92DB34CDF6', 'TXN_5554855B9C', 'TXN_FC65E46D29', 'TXN_33C9E72D3B']"
CUST_100302,7-Day Standard Structuring,2023-08-30 10:00:00,2023-09-06 10:00:00,4,68829.41,"['TXN_6CB4E64AC0', 'TXN_D415C011CB', 'TXN_F40538B0B7', 'TXN_57433CBB10']"
CUST_100302,7-Day Standard Structuring,2023-08-31 14:00:00,2023-09-07 14:00:00,3,50992.23,"['TXN_D415C011CB', 'TXN_F40538B0B7', 'TXN_57433CBB10']"
CUST_100330,7-Day Standard Structuring,2023-07-29 10:00:00,2023-08-05 10:00:00,4,53355.73,"['TXN_89DA997838', 'TXN_3B09EAD3CF', 'TXN_5020775748', 'TXN_E8BCF28BD7']"
CUST_100603,7-Day Standard Structuring,2023-06-14 10:00:00,2023-06-21 10:00:00,4,77252.29,"['TXN_09109069B7', 'TXN_653DA7F397', 'TXN_B376AA24AF', 'TXN_7B48902387']"
CUST_100603,7-Day Standard Structuring,2023-06-15 12:00:00,2023-06-22 12:00:00,3,58441.03,"['TXN_653DA7F397', 'TXN_B376AA24AF', 'TXN_7B48902387']"
CUST_100694,7-Day Standard Structuring,2023-07-25 13:00:00,2023-08-01 13:00:00,5,59426.52,"['TXN_2D8F86097E', 'TXN_EB003EA377', 'TXN_0F569A6107', 'TXN_126FFF99C3', 'TXN_5C5E245152']"
CUST_100827,7-Day Standard Structuring,2023-03-30 12:00:00,2023-04-06 12:00:00,4,56191.75,"['TXN_2934F94A1A', 'TXN_69951B7B8A', 'TXN_F29664F9DE', 'TXN_658ECCF1E5']"
CUST_100827,7-Day Standard Structuring,2023-06-25 10:00:00,2023-07-02 10:00:00,5,67377.06,"['TXN_5927BB883B', 'TXN_5CBBC55E0B', 'TXN_446954E841', 'TXN_885D754607', 'TXN_B007FB5849']"
CUST_100827,7-Day Standard Structuring,2023-06-26 12:00:00,2023-07-03 12:00:00,4,53656.5,"['TXN_5CBBC55E0B', 'TXN_446954E841', 'TXN_885D754607', 'TXN_B007FB5849']"
CUST_100847,7-Day Standard Structuring,2023-05-19 12:00:00,2023-05-26 12:00:00,5,52539.28,"['TXN_2D52036FF7', 'TXN_FBEA1FCFD4', 'TXN_3FBAD391FD', 'TXN_337F9F4FBC', 'TXN_48D20A71D4']"
CUST_100850,7-Day Standard Structuring,2023-04-04 09:00:00,2023-04-11 09:00:00,4,78028.51,"['TXN_4D6963C502', 'TXN_DFDDF79B84', 'TXN_ED5B614011', 'TXN_9AD1FAC550']"
CUST_100850,7-Day Standard Structuring,2023-04-05 14:00:00,2023-04-12 14:00:00,3,58226.84,"['TXN_DFDDF79B84', 'TXN_ED5B614011', 'TXN_9AD1FAC550']"
CUST_100961,7-Day Standard Structuring,2023-04-29 12:00:00,2023-05-06 12:00:00,3,131404.6,"['TXN_E235E1857C', 'TXN_BC84FB58DF', 'TXN_FCB876B627']"
CUST_100961,7-Day Standard Structuring,2023-05-01 13:00:00,2023-05-08 13:00:00,2,87077.86,"['TXN_BC84FB58DF', 'TXN_FCB876B627']"
CUST_100965,7-Day Standard Structuring,2023-10-22 11:00:00,2023-10-29 11:00:00,6,58262.32,"['TXN_B5128C46DB', 'TXN_EB5D50B5D8', 'TXN_C1A122809F', 'TXN_54B0567923', 'TXN_E0C094A05F', 'TXN_6971563C8A']"
CUST_101031,7-Day Standard Structuring,2023-03-10 11:00:00,2023-03-17 11:00:00,5,55297.52,"['TXN_F47DC61932', 'TXN_BDFE468DFF', 'TXN_540C71884D', 'TXN_F9D8DF7A90', 'TXN_F08269F53A']"
CUST_101154,7-Day Standard Structuring,2023-02-14 10:00:00,2023-02-21 10:00:00,4,59707.9,"['TXN_291E2D1E82', 'TXN_7D50E505A5', 'TXN_67E4A44417', 'TXN_CCDAD12AB0']"
CUST_101257,7-Day Standard Structuring,2023-07-10 09:00:00,2023-07-17 09:00:00,5,72943.95,"['TXN_4A6FC7B1C1', 'TXN_2380AD7D6C', 'TXN_2C06B64C05', 'TXN_7AF0C6CFC9', 'TXN_EA934ED588']"
CUST_101257,7-Day Standard Structuring,2023-07-11 10:00:00,2023-07-18 10:00:00,4,57026.36,"['TXN_2380AD7D6C', 'TXN_2C06B64C05', 'TXN_7AF0C6CFC9', 'TXN_EA934ED588']"
CUST_101362,7-Day Standard Structuring,2023-01-23 15:00:00,2023-01-30 15:00:00,5,72435.88,"['TXN_0C37A0323B', 'TXN_24505D2391', 'TXN_F00370EFC8', 'TXN_4D21585732', 'TXN_1CA8ADD44C']"
CUST_101362,7-Day Standard Structuring,2023-01-24 11:00:00,2023-01-31 11:00:00,4,57197.87,"['TXN_24505D2391', 'TXN_F00370EFC8', 'TXN_4D21585732', 'TXN_1CA8ADD44C']"
CUST_101375,7-Day Standard Structuring,2023-07-12 09:00:00,2023-07-19 09:00:00,4,76175.55,"['TXN_C0A4ABECEF', 'TXN_9EAC717BE7', 'TXN_7E3BAC4915', 'TXN_E9C54C3113']"
CUST_101375,7-Day Standard Structuring,2023-07-13 09:00:00,2023-07-20 09:00:00,3,54482.22,"['TXN_9EAC717BE7', 'TXN_7E3BAC4915', 'TXN_E9C54C3113']"
CUST_101378,7-Day Standard Structuring,2023-06-24 12:00:00,2023-07-01 12:00:00,5,75710.07,"['TXN_2CDB855313', 'TXN_B104BA7929', 'TXN_CA7F4F67D9', 'TXN_EC900C0E4E', 'TXN_B02D6D808A']"
CUST_101378,7-Day Standard Structuring,2023-06-25 11:00:00,2023-07-02 11:00:00,4,61592.25,"['TXN_B104BA7929', 'TXN_CA7F4F67D9', 'TXN_EC900C0E4E', 'TXN_B02D6D808A']"
CUST_101504,7-Day Standard Structuring,2023-05-07 12:00:00,2023-05-14 12:00:00,5,63516.44,"['TXN_7EEC681B41', 'TXN_639FDD1025', 'TXN_216A0058EC', 'TXN_470CA2632F', 'TXN_3582BAE79B']"
CUST_101504,7-Day Standard Structuring,2023-05-08 10:00:00,2023-05-15 10:00:00,4,52072.64,"['TXN_639FDD1025', 'TXN_216A0058EC', 'TXN_470CA2632F', 'TXN_3582BAE79B']"
CUST_101539,7-Day Standard Structuring,2023-04-19 12:00:00,2023-04-26 12:00:00,4,56308.46,"['TXN_77510F3E8C', 'TXN_B5FA33C0EA', 'TXN_20C3CF2C35', 'TXN_D5A5AE4489']"
CUST_101640,7-Day Standard Structuring,2023-09-01 10:00:00,2023-09-08 10:00:00,4,58102.15,"['TXN_2DF1C1BF65', 'TXN_C91126B0B5', 'TXN_8CC012F87B', 'TXN_C6EDD4045A']"
CUST_101643,7-Day Standard Structuring,2023-09-06 10:00:00,2023-09-13 10:00:00,5,71066.37,"['TXN_66130F4CB7', 'TXN_94A6C03E59', 'TXN_7C52A28950', 'TXN_627B196E81', 'TXN_C724318866']"
CUST_101643,7-Day Standard Structuring,2023-09-07 11:00:00,2023-09-14 11:00:00,4,55657.24,"['TXN_94A6C03E59', 'TXN_7C52A28950', 'TXN_627B196E81', 'TXN_C724318866']"
CUST_101696,7-Day Standard Structuring,2023-04-20 15:00:00,2023-04-27 15:00:00,4,58251.37,"['TXN_9442F4432D', 'TXN_6DD2F698D6', 'TXN_7206027C08', 'TXN_0DC1E15A43']"
CUST_101775,7-Day Standard Structuring,2023-09-27 10:00:00,2023-10-04 10:00:00,5,62151.29,"['TXN_B902BAB637', 'TXN_6894A3DE95', 'TXN_A18755CE7C', 'TXN_12AE633025', 'TXN_756F9F4E9A']"
CUST_101789,7-Day Standard Structuring,2023-09-30 10:00:00,2023-10-07 10:00:00,4,71878.67,"['TXN_F3286DBD8E', 'TXN_B669A08E11', 'TXN_F08ABDE1D5', 'TXN_941587E27B']"
CUST_101789,7-Day Standard Structuring,2023-10-01 14:00:00,2023-10-08 14:00:00,3,52303.79,"['TXN_B669A08E11', 'TXN_F08ABDE1D5', 'TXN_941587E27B']"
CUST_101805,7-Day Standard Structuring,2023-07-05 13:00:00,2023-07-12 13:00:00,4,54547.73,"['TXN_DD5130DB7D', 'TXN_6113058902', 'TXN_0980C102A9', 'TXN_2FE69492B3']"
CUST_101819,7-Day Standard Structuring,2023-10-17 15:00:00,2023-10-24 15:00:00,6,71001.04,"['TXN_E6C91C0D05', 'TXN_BA39AE16DE', 'TXN_412A0F75CE', 'TXN_53838ACCB6', 'TXN_3690BB2927', 'TXN_160D73657B']"
CUST_101819,7-Day Standard Structuring,2023-10-18 15:00:00,2023-10-25 15:00:00,5,60997.63,"['TXN_BA39AE16DE', 'TXN_412A0F75CE', 'TXN_53838ACCB6', 'TXN_3690BB2927', 'TXN_160D73657B']"
CUST_102038,7-Day Standard Structuring,2023-06-21 15:00:00,2023-06-28 15:00:00,6,70368.2,"['TXN_472106D26E', 'TXN_BD671B18E6', 'TXN_E56A3FC0D4', 'TXN_F68CFDB935', 'TXN_985D1D64F7', 'TXN_08ADF8D7EE']"
CUST_102038,7-Day Standard Structuring,2023-06-22 10:00:00,2023-06-29 10:00:00,5,59761.3,"['TXN_BD671B18E6', 'TXN_E56A3FC0D4', 'TXN_F68CFDB935', 'TXN_985D1D64F7', 'TXN_08ADF8D7EE']"
CUST_102074,7-Day Standard Structuring,2023-02-25 15:00:00,2023-03-04 15:00:00,5,69416.6,"['TXN_F6AFB8D46E', 'TXN_2015A120B7', 'TXN_A56850C87B', 'TXN_9A9B44E967', 'TXN_0E76C6F60C']"
CUST_102074,7-Day Standard Structuring,2023-02-26 13:00:00,2023-03-05 13:00:00,4,56927.95,"['TXN_2015A120B7', 'TXN_A56850C87B', 'TXN_9A9B44E967', 'TXN_0E76C6F60C']"
CUST_102228,7-Day Standard Structuring,2023-06-16 11:00:00,2023-06-23 11:00:00,6,55547.0,"['TXN_05BA29D58E', 'TXN_646AB439C5', 'TXN_645748B1DE', 'TXN_01052CCFAD', 'TXN_61A29C41D7', 'TXN_9C8BB59829']"
CUST_102258,7-Day Standard Structuring,2023-09-07 09:00:00,2023-09-14 09:00:00,5,69625.68,"['TXN_40FDE3BD49', 'TXN_B35F739B36', 'TXN_9E724DC7BE', 'TXN_501A642E91', 'TXN_D23EAFF8CB']"
CUST_102258,7-Day Standard Structuring,2023-09-08 14:00:00,2023-09-15 14:00:00,4,57536.31,"['TXN_B35F739B36', 'TXN_9E724DC7BE', 'TXN_501A642E91', 'TXN_D23EAFF8CB']"
CUST_102286,7-Day Standard Structuring,2023-08-04 12:00:00,2023-08-11 12:00:00,4,62804.12,"['TXN_9FDD2632DF', 'TXN_C6A831D4EC', 'TXN_7E08BF403F', 'TXN_79B843AA90']"
CUST_102289,7-Day Standard Structuring,2023-06-30 13:00:00,2023-07-07 13:00:00,5,55912.54,"['TXN_52F8C11B27', 'TXN_BBA3A6BED4', 'TXN_AB61FFCFDE', 'TXN_6512FCED19', 'TXN_0FF4DB0DDA']"
CUST_102320,7-Day Standard Structuring,2023-04-25 09:00:00,2023-05-02 09:00:00,5,60677.68,"['TXN_B90E1A7AA9', 'TXN_B3903CA4FB', 'TXN_494ABCE552', 'TXN_B2A4A00BE9', 'TXN_A1284DBF5A']"
CUST_102439,7-Day Standard Structuring,2023-02-09 13:00:00,2023-02-16 13:00:00,6,50307.36,"['TXN_46E5C27FC2', 'TXN_91C47E3AB0', 'TXN_4671E29639', 'TXN_2672235ED8', 'TXN_FC272AEA38', 'TXN_3670215C1D']"
CUST_102461,7-Day Standard Structuring,2023-02-02 11:00:00,2023-02-09 11:00:00,4,56042.45,"['TXN_29B5473409', 'TXN_3F4E946020', 'TXN_FA1A8F598D', 'TXN_0806333417']"
CUST_102486,7-Day Standard Structuring,2023-05-18 15:00:00,2023-05-25 15:00:00,5,52404.24,"['TXN_D9F5E19028', 'TXN_2C8EE77532', 'TXN_FA330E65E8', 'TXN_472F3B5320', 'TXN_2249FDD6CF']"
CUST_102615,7-Day Standard Structuring,2023-03-11 14:00:00,2023-03-18 14:00:00,3,134218.97,"['TXN_AACED51B65', 'TXN_C485D16666', 'TXN_B8E3ABEEFE']"
CUST_102615,7-Day Standard Structuring,2023-03-12 13:00:00,2023-03-19 13:00:00,2,87206.6,"['TXN_C485D16666', 'TXN_B8E3ABEEFE']"
CUST_102753,7-Day Standard Structuring,2023-10-04 13:00:00,2023-10-11 13:00:00,6,66991.82,"['TXN_12712718AB', 'TXN_726A8A57C1', 'TXN_DA9D648C05', 'TXN_055118976A', 'TXN_9157D13CE3', 'TXN_459B3EE0FB']"
CUST_102753,7-Day Standard Structuring,2023-10-05 13:00:00,2023-10-12 13:00:00,5,57939.55,"['TXN_726A8A57C1', 'TXN_DA9D648C05', 'TXN_055118976A', 'TXN_9157D13CE3', 'TXN_459B3EE0FB']"
CUST_102835,7-Day Standard Structuring,2023-05-30 14:00:00,2023-06-06 14:00:00,6,70410.75,"['TXN_A52E3DCD14', 'TXN_F47EF9001A', 'TXN_A68E4963AA', 'TXN_4A955D60D1', 'TXN_334403BD63', 'TXN_D4658F510D']"
CUST_102835,7-Day Standard Structuring,2023-05-31 14:00:00,2023-06-07 14:00:00,5,55919.39,"['TXN_F47EF9001A', 'TXN_A68E4963AA', 'TXN_4A955D60D1', 'TXN_334403BD63', 'TXN_D4658F510D']"
CUST_102880,7-Day Standard Structuring,2023-03-28 15:00:00,2023-04-04 15:00:00,4,72091.21,"['TXN_9C9D6E9230', 'TXN_F2386A7CED', 'TXN_F4BABA1975', 'TXN_4997FAB4D4']"
CUST_102880,7-Day Standard Structuring,2023-03-29 10:00:00,2023-04-05 10:00:00,3,54652.58,"['TXN_F2386A7CED', 'TXN_F4BABA1975', 'TXN_4997FAB4D4']"
CUST_102916,7-Day Standard Structuring,2023-02-20 15:00:00,2023-02-27 15:00:00,5,73299.31,"['TXN_479B08A181', 'TXN_C81B6ABF4B', 'TXN_31A55A1E9F', 'TXN_DFE91D4BD0', 'TXN_BE5841FBEC']"
CUST_102916,7-Day Standard Structuring,2023-02-21 09:00:00,2023-02-28 09:00:00,4,59654.26,"['TXN_C81B6ABF4B', 'TXN_31A55A1E9F', 'TXN_DFE91D4BD0', 'TXN_BE5841FBEC']"
CUST_102943,7-Day Standard Structuring,2023-09-17 09:00:00,2023-09-24 09:00:00,6,56565.97,"['TXN_C0DCED5FD2', 'TXN_ADA6B176D2', 'TXN_063EEA64BE', 'TXN_825206DAEE', 'TXN_774A92F439', 'TXN_C8FC68430B']"
CUST_102974,7-Day Standard Structuring,2023-02-20 11:00:00,2023-02-27 11:00:00,3,145639.27,"['TXN_92C41EFDD7', 'TXN_F760607EA3', 'TXN_6C9846E903']"
CUST_102974,7-Day Standard Structuring,2023-02-22 12:00:00,2023-03-01 12:00:00,2,98085.22,"['TXN_F760607EA3', 'TXN_6C9846E903']"
CUST_103052,7-Day Standard Structuring,2023-06-19 09:00:00,2023-06-26 09:00:00,4,70613.08,"['TXN_9718D3B46F', 'TXN_1484598BCE', 'TXN_F4658B9899', 'TXN_8756ACA764']"
CUST_103058,7-Day Standard Structuring,2023-05-26 12:00:00,2023-06-02 12:00:00,6,194952.58,"['TXN_61256BDDF0', 'TXN_D9118669D8', 'TXN_2F091AEE6D', 'TXN_69C3B979AA', 'TXN_46962F0527', 'TXN_EAAFD9DA9E']"
CUST_103058,7-Day Standard Structuring,2023-05-27 15:00:00,2023-06-03 15:00:00,5,165136.43,"['TXN_D9118669D8', 'TXN_2F091AEE6D', 'TXN_69C3B979AA', 'TXN_46962F0527', 'TXN_EAAFD9DA9E']"
CUST_103058,7-Day Standard Structuring,2023-05-28 15:00:00,2023-06-04 15:00:00,4,134003.95,"['TXN_2F091AEE6D', 'TXN_69C3B979AA', 'TXN_46962F0527', 'TXN_EAAFD9DA9E']"
CUST_103058,7-Day Standard Structuring,2023-05-29 15:00:00,2023-06-05 15:00:00,3,104613.15,"['TXN_69C3B979AA', 'TXN_46962F0527', 'TXN_EAAFD9DA9E']"
CUST_103058,7-Day Standard Structuring,2023-05-30 12:00:00,2023-06-06 12:00:00,2,66581.58,"['TXN_46962F0527', 'TXN_EAAFD9DA9E']"
CUST_103119,7-Day Standard Structuring,2023-09-06 11:00:00,2023-09-13 11:00:00,4,59538.49,"['TXN_E2623C51DA', 'TXN_108CE84A53', 'TXN_2FAA0D86B7', 'TXN_86A1B4C8BA']"
CUST_103157,7-Day Standard Structuring,2023-02-17 15:00:00,2023-02-24 15:00:00,6,68961.02,"['TXN_C483D7568F', 'TXN_6200D94D20', 'TXN_96650BD357', 'TXN_2CF74E31B8', 'TXN_27C408A834', 'TXN_A937C26237']"
CUST_103157,7-Day Standard Structuring,2023-02-18 12:00:00,2023-02-25 12:00:00,5,58280.56,"['TXN_6200D94D20', 'TXN_96650BD357', 'TXN_2CF74E31B8', 'TXN_27C408A834', 'TXN_A937C26237']"
CUST_103175,7-Day Standard Structuring,2023-03-16 12:00:00,2023-03-23 12:00:00,4,70503.43,"['TXN_44E8F53ECE', 'TXN_533D4F89F7', 'TXN_16D6EB6310', 'TXN_D9D9DA9A82']"
CUST_103175,7-Day Standard Structuring,2023-03-17 14:00:00,2023-03-24 14:00:00,3,53236.29,"['TXN_533D4F89F7', 'TXN_16D6EB6310', 'TXN_D9D9DA9A82']"
CUST_103189,7-Day Standard Structuring,2023-08-20 13:00:00,2023-08-27 13:00:00,4,64725.97,"['TXN_B9ECA39380', 'TXN_235BD20D20', 'TXN_2773E8DBB6', 'TXN_382441B613']"
CUST_103265,7-Day Standard Structuring,2023-03-05 12:00:00,2023-03-12 12:00:00,6,190627.68,"['TXN_306EE34F1F', 'TXN_C8BD1907A2', 'TXN_ECD0A88442', 'TXN_589B9CA56A', 'TXN_47308B03CA', 'TXN_F75880D8FA']"
CUST_103265,7-Day Standard Structuring,2023-03-06 12:00:00,2023-03-13 12:00:00,5,159827.34,"['TXN_C8BD1907A2', 'TXN_ECD0A88442', 'TXN_589B9CA56A', 'TXN_47308B03CA', 'TXN_F75880D8FA']"
CUST_103265,7-Day Standard Structuring,2023-03-07 09:00:00,2023-03-14 09:00:00,4,126545.6,"['TXN_ECD0A88442', 'TXN_589B9CA56A', 'TXN_47308B03CA', 'TXN_F75880D8FA']"
CUST_103265,7-Day Standard Structuring,2023-03-08 14:00:00,2023-03-15 14:00:00,3,97718.79,"['TXN_589B9CA56A', 'TXN_47308B03CA', 'TXN_F75880D8FA']"
CUST_103265,7-Day Standard Structuring,2023-03-09 09:00:00,2023-03-16 09:00:00,2,60109.49,"['TXN_47308B03CA', 'TXN_F75880D8FA']"
CUST_103296,7-Day Standard Structuring,2023-09-22 12:00:00,2023-09-29 12:00:00,6,67531.7,"['TXN_6D62C141A1', 'TXN_F09116BC4E', 'TXN_F3FE4371F3', 'TXN_252A5B07E6', 'TXN_E29FFDF339', 'TXN_79EDBA88E7']"
CUST_103296,7-Day Standard Structuring,2023-09-23 14:00:00,2023-09-30 14:00:00,5,55755.0,"['TXN_F09116BC4E', 'TXN_F3FE4371F3', 'TXN_252A5B07E6', 'TXN_E29FFDF339', 'TXN_79EDBA88E7']"
CUST_103351,7-Day Standard Structuring,2023-08-31 10:00:00,2023-09-07 10:00:00,4,67712.66,"['TXN_DDA42FEAB6', 'TXN_815D32B5ED', 'TXN_40B04ABADD', 'TXN_BEE06127C2']"
CUST_103418,7-Day Standard Structuring,2023-07-09 10:00:00,2023-07-16 10:00:00,6,66106.7,"['TXN_C772085248', 'TXN_06C9205C9A', 'TXN_2E1D90D792', 'TXN_2F8EC0074C', 'TXN_654BAD3AA7', 'TXN_FD171D9181']"
CUST_103418,7-Day Standard Structuring,2023-07-10 12:00:00,2023-07-17 12:00:00,5,56665.33,"['TXN_06C9205C9A', 'TXN_2E1D90D792', 'TXN_2F8EC0074C', 'TXN_654BAD3AA7', 'TXN_FD171D9181']"
CUST_103727,7-Day Standard Structuring,2023-08-25 10:00:00,2023-09-01 10:00:00,4,60986.43,"['TXN_34938EC9BC', 'TXN_D48DAA0A46', 'TXN_D759E35394', 'TXN_48D84F7700']"
CUST_103813,7-Day Standard Structuring,2023-04-03 11:00:00,2023-04-10 11:00:00,5,64979.95,"['TXN_FB7AD1D378', 'TXN_6589E94981', 'TXN_E698398A4B', 'TXN_E94900358B', 'TXN_54CE5581F1']"
CUST_103845,7-Day Standard Structuring,2023-09-07 12:00:00,2023-09-14 12:00:00,6,63622.86,"['TXN_AB8519FEF9', 'TXN_BE7430CE8A', 'TXN_8BC93E02E4', 'TXN_EEE61F013E', 'TXN_7F4580BD54', 'TXN_389B2C477A']"
CUST_103845,7-Day Standard Structuring,2023-09-08 14:00:00,2023-09-15 14:00:00,5,52535.18,"['TXN_BE7430CE8A', 'TXN_8BC93E02E4', 'TXN_EEE61F013E', 'TXN_7F4580BD54', 'TXN_389B2C477A']"
CUST_103875,7-Day Standard Structuring,2023-07-26 09:00:00,2023-08-02 09:00:00,4,69370.67,"['TXN_64BF535D55', 'TXN_E67EB975BD', 'TXN_5AB024C5C1', 'TXN_E068AC0E5F']"
CUST_103916,7-Day Standard Structuring,2023-05-22 09:00:00,2023-05-29 09:00:00,5,59443.98,"['TXN_6C162264E7', 'TXN_C6DFED59B2', 'TXN_C43156E3A0', 'TXN_9BC6C38ADD', 'TXN_43E7EE8440']"
CUST_103954,7-Day Standard Structuring,2023-06-05 14:00:00,2023-06-12 14:00:00,6,68405.82,"['TXN_5BCCEA5D1F', 'TXN_723E128961', 'TXN_FEC8906FB9', 'TXN_D3D97A6552', 'TXN_D650AB4EBA', 'TXN_2607DD90F2']"
CUST_103954,7-Day Standard Structuring,2023-06-06 09:00:00,2023-06-13 09:00:00,5,55534.35,"['TXN_723E128961', 'TXN_FEC8906FB9', 'TXN_D3D97A6552', 'TXN_D650AB4EBA', 'TXN_2607DD90F2']"
CUST_104045,7-Day Standard Structuring,2023-09-19 11:00:00,2023-09-26 11:00:00,6,242040.64,"['TXN_94632B5431', 'TXN_07150FE9D3', 'TXN_061DDA8E51', 'TXN_6AA472ECE9', 'TXN_491C8CB101', 'TXN_7D994DAD9D']"
CUST_104045,7-Day Standard Structuring,2023-09-20 14:00:00,2023-09-27 14:00:00,5,206550.33,"['TXN_07150FE9D3', 'TXN_061DDA8E51', 'TXN_6AA472ECE9', 'TXN_491C8CB101', 'TXN_7D994DAD9D']"
CUST_104045,7-Day Standard Structuring,2023-09-21 09:00:00,2023-09-28 09:00:00,4,165244.58,"['TXN_061DDA8E51', 'TXN_6AA472ECE9', 'TXN_491C8CB101', 'TXN_7D994DAD9D']"
CUST_104045,7-Day Standard Structuring,2023-09-22 10:00:00,2023-09-29 10:00:00,3,122547.73,"['TXN_6AA472ECE9', 'TXN_491C8CB101', 'TXN_7D994DAD9D']"
CUST_104045,7-Day Standard Structuring,2023-09-23 11:00:00,2023-09-30 11:00:00,2,75897.5,"['TXN_491C8CB101', 'TXN_7D994DAD9D']"
CUST_104103,7-Day Standard Structuring,2023-10-19 12:00:00,2023-10-26 12:00:00,3,157293.34,"['TXN_F03C8F69B4', 'TXN_C91FFD1BFF', 'TXN_E336EAE732']"
CUST_104103,7-Day Standard Structuring,2023-10-20 14:00:00,2023-10-27 14:00:00,2,107018.89,"['TXN_C91FFD1BFF', 'TXN_E336EAE732']"
CUST_104234,7-Day Standard Structuring,2023-05-26 10:00:00,2023-06-02 10:00:00,5,63509.25,"['TXN_2AF5C4F2BA', 'TXN_ED453D5E50', 'TXN_5AEF6F2510', 'TXN_A8544E3E32', 'TXN_0749E42068']"
CUST_104241,7-Day Standard Structuring,2023-06-14 09:00:00,2023-06-21 09:00:00,6,230554.54,"['TXN_59CB18BF02', 'TXN_4CDCC679FC', 'TXN_36C97D41A0', 'TXN_F731CF250F', 'TXN_A4455C69FF', 'TXN_D768994A53']"
CUST_104241,7-Day Standard Structuring,2023-06-15 09:00:00,2023-06-22 09:00:00,5,195889.34,"['TXN_4CDCC679FC', 'TXN_36C97D41A0', 'TXN_F731CF250F', 'TXN_A4455C69FF', 'TXN_D768994A53']"
CUST_104241,7-Day Standard Structuring,2023-06-16 11:00:00,2023-06-23 11:00:00,4,158592.79,"['TXN_36C97D41A0', 'TXN_F731CF250F', 'TXN_A4455C69FF', 'TXN_D768994A53']"
CUST_104241,7-Day Standard Structuring,2023-06-17 09:00:00,2023-06-24 09:00:00,3,125907.98,"['TXN_F731CF250F', 'TXN_A4455C69FF', 'TXN_D768994A53']"
CUST_104241,7-Day Standard Structuring,2023-06-18 14:00:00,2023-06-25 14:00:00,2,85490.58,"['TXN_A4455C69FF', 'TXN_D768994A53']"
CUST_104354,7-Day Standard Structuring,2023-02-01 10:00:00,2023-02-08 10:00:00,5,64114.56,"['TXN_3B45B2D930', 'TXN_80E009B551', 'TXN_2CEB886A10', 'TXN_D41E4EF813', 'TXN_CC20372343']"
CUST_104354,7-Day Standard Structuring,2023-02-02 14:00:00,2023-02-09 14:00:00,4,51400.49,"['TXN_80E009B551', 'TXN_2CEB886A10', 'TXN_D41E4EF813', 'TXN_CC20372343']"
CUST_104371,7-Day Standard Structuring,2023-09-29 14:00:00,2023-10-06 14:00:00,6,261077.98,"['TXN_5BE230487F', 'TXN_8292F6973E', 'TXN_97CFDBEC2C', 'TXN_5608092F17', 'TXN_4A79F56682', 'TXN_CAF97E639D']"
CUST_104371,7-Day Standard Structuring,2023-09-30 09:00:00,2023-10-07 09:00:00,5,221563.36,"['TXN_8292F6973E', 'TXN_97CFDBEC2C', 'TXN_5608092F17', 'TXN_4A79F56682', 'TXN_CAF97E639D']"
CUST_104371,7-Day Standard Structuring,2023-10-01 14:00:00,2023-10-08 14:00:00,4,170735.19,"['TXN_97CFDBEC2C', 'TXN_5608092F17', 'TXN_4A79F56682', 'TXN_CAF97E639D']"
CUST_104371,7-Day Standard Structuring,2023-10-02 13:00:00,2023-10-09 13:00:00,3,132614.57,"['TXN_5608092F17', 'TXN_4A79F56682', 'TXN_CAF97E639D']"
CUST_104371,7-Day Standard Structuring,2023-10-03 13:00:00,2023-10-10 13:00:00,2,88766.49,"['TXN_4A79F56682', 'TXN_CAF97E639D']"
CUST_104521,7-Day Standard Structuring,2023-03-28 11:00:00,2023-04-04 11:00:00,6,236746.31,"['TXN_13C05CDCF8', 'TXN_87B23A7D5E', 'TXN_919773738E', 'TXN_32D7695D4E', 'TXN_E6168D07C6', 'TXN_82A19B456E']"
CUST_104521,7-Day Standard Structuring,2023-03-29 10:00:00,2023-04-05 10:00:00,5,191814.41,"['TXN_87B23A7D5E', 'TXN_919773738E', 'TXN_32D7695D4E', 'TXN_E6168D07C6', 'TXN_82A19B456E']"
CUST_104521,7-Day Standard Structuring,2023-03-30 14:00:00,2023-04-06 14:00:00,4,147543.05,"['TXN_919773738E', 'TXN_32D7695D4E', 'TXN_E6168D07C6', 'TXN_82A19B456E']"
CUST_104521,7-Day Standard Structuring,2023-03-31 15:00:00,2023-04-07 15:00:00,3,115318.44,"['TXN_32D7695D4E', 'TXN_E6168D07C6', 'TXN_82A19B456E']"
CUST_104521,7-Day Standard Structuring,2023-04-01 14:00:00,2023-04-08 14:00:00,2,77954.76,"['TXN_E6168D07C6', 'TXN_82A19B456E']"
CUST_104612,7-Day Standard Structuring,2023-09-14 15:00:00,2023-09-21 15:00:00,5,66983.97,"['TXN_A700813E3F', 'TXN_C1592B0EE0', 'TXN_9FB677C376', 'TXN_29CEB279ED', 'TXN_5EBC394391']"
CUST_104612,7-Day Standard Structuring,2023-09-15 12:00:00,2023-09-22 12:00:00,4,51677.23,"['TXN_C1592B0EE0', 'TXN_9FB677C376', 'TXN_29CEB279ED', 'TXN_5EBC394391']"
CUST_104667,7-Day Standard Structuring,2023-10-01 09:00:00,2023-10-08 09:00:00,5,69936.23,"['TXN_B0DA86B775', 'TXN_2DC8A9B7AE', 'TXN_2C4F2A1EBF', 'TXN_70499DDA02', 'TXN_EF5F3817C7']"
CUST_104667,7-Day Standard Structuring,2023-10-02 12:00:00,2023-10-09 12:00:00,4,56834.04,"['TXN_2DC8A9B7AE', 'TXN_2C4F2A1EBF', 'TXN_70499DDA02', 'TXN_EF5F3817C7']"
CUST_104688,7-Day Standard Structuring,2023-09-27 11:00:00,2023-10-04 11:00:00,5,69377.43,"['TXN_9A3D2BA8AF', 'TXN_F222880CC1', 'TXN_86CD6AF8C5', 'TXN_6D04ADB2B7', 'TXN_474B8E2B5E']"
CUST_104688,7-Day Standard Structuring,2023-09-28 12:00:00,2023-10-05 12:00:00,4,57033.65,"['TXN_F222880CC1', 'TXN_86CD6AF8C5', 'TXN_6D04ADB2B7', 'TXN_474B8E2B5E']"
CUST_104690,7-Day Standard Structuring,2023-05-25 11:00:00,2023-06-01 11:00:00,5,215564.74,"['TXN_465C8776C6', 'TXN_5FCC9BFA43', 'TXN_0AC4F82BFC', 'TXN_1D4583D3F3', 'TXN_BC50E7FD7C']"
CUST_104690,7-Day Standard Structuring,2023-05-26 10:00:00,2023-06-02 10:00:00,4,170460.32,"['TXN_5FCC9BFA43', 'TXN_0AC4F82BFC', 'TXN_1D4583D3F3', 'TXN_BC50E7FD7C']"
CUST_104690,7-Day Standard Structuring,2023-05-27 09:00:00,2023-06-03 09:00:00,3,120847.65,"['TXN_0AC4F82BFC', 'TXN_1D4583D3F3', 'TXN_BC50E7FD7C']"
CUST_104690,7-Day Standard Structuring,2023-05-28 15:00:00,2023-06-04 15:00:00,2,76562.58,"['TXN_1D4583D3F3', 'TXN_BC50E7FD7C']"
CUST_104742,7-Day Standard Structuring,2023-04-14 14:00:00,2023-04-21 14:00:00,5,59197.72,"['TXN_743B8F9589', 'TXN_DC86320108', 'TXN_CB71C58E2E', 'TXN_9B94010940', 'TXN_B1321C57B9']"
CUST_104768,7-Day Standard Structuring,2023-08-20 11:00:00,2023-08-27 11:00:00,6,266295.32,"['TXN_5DBAD89760', 'TXN_1396E9AE5A', 'TXN_97D13D72A5', 'TXN_499733B225', 'TXN_1350005A15', 'TXN_B45FD886D6']"
CUST_104768,7-Day Standard Structuring,2023-08-21 14:00:00,2023-08-28 14:00:00,5,219690.23,"['TXN_1396E9AE5A', 'TXN_97D13D72A5', 'TXN_499733B225', 'TXN_1350005A15', 'TXN_B45FD886D6']"
CUST_104768,7-Day Standard Structuring,2023-08-22 14:00:00,2023-08-29 14:00:00,4,174875.01,"['TXN_97D13D72A5', 'TXN_499733B225', 'TXN_1350005A15', 'TXN_B45FD886D6']"
CUST_104768,7-Day Standard Structuring,2023-08-23 10:00:00,2023-08-30 10:00:00,3,126236.2,"['TXN_499733B225', 'TXN_1350005A15', 'TXN_B45FD886D6']"
CUST_104768,7-Day Standard Structuring,2023-08-24 11:00:00,2023-08-31 11:00:00,2,82714.87,"['TXN_1350005A15', 'TXN_B45FD886D6']"
CUST_104794,7-Day Standard Structuring,2023-05-12 11:00:00,2023-05-19 11:00:00,4,66288.28,"['TXN_2DA5BE902D', 'TXN_B2C69260C7', 'TXN_8299D00769', 'TXN_AA17C6573F']"
CUST_104809,7-Day Standard Structuring,2023-01-30 14:00:00,2023-02-06 14:00:00,4,60841.58,"['TXN_D2A991FB62', 'TXN_FB918C1D2D', 'TXN_0650D8C9F4', 'TXN_959882525B']"
CUST_105056,7-Day Standard Structuring,2023-01-13 13:00:00,2023-01-20 13:00:00,4,78011.05,"['TXN_501D5AFCB6', 'TXN_1CA2180CDF', 'TXN_FA81E88CAB', 'TXN_77A9529B1E']"
CUST_105056,7-Day Standard Structuring,2023-01-14 14:00:00,2023-01-21 14:00:00,3,57418.67,"['TXN_1CA2180CDF', 'TXN_FA81E88CAB', 'TXN_77A9529B1E']"
CUST_105065,7-Day Standard Structuring,2023-08-01 13:00:00,2023-08-08 13:00:00,6,54923.0,"['TXN_05C71EC3D5', 'TXN_81B8530612', 'TXN_8B5D7D1201', 'TXN_9D7011F075', 'TXN_CEE0A16D72', 'TXN_92F3AD95F2']"
CUST_105145,7-Day Standard Structuring,2023-09-05 14:00:00,2023-09-12 14:00:00,5,62708.13,"['TXN_2454D2CF78', 'TXN_FD369BB32D', 'TXN_7AC227CF10', 'TXN_00A1A4D5DB', 'TXN_D0819C3FD4']"
CUST_105284,7-Day Standard Structuring,2023-10-08 10:00:00,2023-10-15 10:00:00,4,52353.62,"['TXN_BFC318A4B0', 'TXN_253B6FB442', 'TXN_AA63404F3B', 'TXN_94D5A8DCBF']"
CUST_105289,7-Day Standard Structuring,2023-05-07 12:00:00,2023-05-14 12:00:00,4,56275.12,"['TXN_A12452B609', 'TXN_47887E043E', 'TXN_1D561BB29D', 'TXN_4BACAB6C43']"
CUST_105306,7-Day Standard Structuring,2023-06-09 09:00:00,2023-06-16 09:00:00,5,52858.68,"['TXN_3400956B58', 'TXN_9101B7EE4C', 'TXN_A792D136CD', 'TXN_6083BFDA34', 'TXN_5085B43764']"
CUST_105415,7-Day Standard Structuring,2023-04-23 12:00:00,2023-04-30 12:00:00,5,75612.54,"['TXN_62B3D39FEB', 'TXN_9B0AF8EBC8', 'TXN_BA15169785', 'TXN_3D241EA222', 'TXN_FC4E5F6597']"
CUST_105415,7-Day Standard Structuring,2023-04-24 09:00:00,2023-05-01 09:00:00,4,58448.29,"['TXN_9B0AF8EBC8', 'TXN_BA15169785', 'TXN_3D241EA222', 'TXN_FC4E5F6597']"
CUST_105533,7-Day Standard Structuring,2023-05-09 15:00:00,2023-05-16 15:00:00,4,60777.45,"['TXN_0D73EF4C9F', 'TXN_F86C600CA5', 'TXN_6D387DA8D7', 'TXN_D74DEF4844']"
CUST_105577,7-Day Standard Structuring,2023-10-03 13:00:00,2023-10-10 13:00:00,6,76509.29,"['TXN_019664D1E7', 'TXN_44120787BD', 'TXN_BBE273F600', 'TXN_31B7E19800', 'TXN_1C907D8021', 'TXN_C221B7D6CD']"
CUST_105577,7-Day Standard Structuring,2023-10-04 14:00:00,2023-10-11 14:00:00,5,62038.46,"['TXN_44120787BD', 'TXN_BBE273F600', 'TXN_31B7E19800', 'TXN_1C907D8021', 'TXN_C221B7D6CD']"
CUST_105577,7-Day Standard Structuring,2023-10-05 13:00:00,2023-10-12 13:00:00,4,50045.84,"['TXN_BBE273F600', 'TXN_31B7E19800', 'TXN_1C907D8021', 'TXN_C221B7D6CD']"
CUST_105677,7-Day Standard Structuring,2023-03-03 12:00:00,2023-03-10 12:00:00,6,66745.58,"['TXN_57BF6DEAD3', 'TXN_F9DECD3BE9', 'TXN_97E19BAE7A', 'TXN_C663424830', 'TXN_437E4DE3B2', 'TXN_E9FE120FA1']"
CUST_105677,7-Day Standard Structuring,2023-03-04 14:00:00,2023-03-11 14:00:00,5,57496.47,"['TXN_F9DECD3BE9', 'TXN_97E19BAE7A', 'TXN_C663424830', 'TXN_437E4DE3B2', 'TXN_E9FE120FA1']"
CUST_105697,7-Day Standard Structuring,2023-04-18 13:00:00,2023-04-25 13:00:00,4,57646.51,"['TXN_46E0BBF8A0', 'TXN_C435F71B00', 'TXN_EE9D661E58', 'TXN_32766C6C49']"
CUST_105739,7-Day Standard Structuring,2023-05-06 12:00:00,2023-05-13 12:00:00,4,198875.31,"['TXN_62AEB93C65', 'TXN_7B426A73DD', 'TXN_B166200D90', 'TXN_856F7A6DE7']"
CUST_105739,7-Day Standard Structuring,2023-05-07 10:00:00,2023-05-14 10:00:00,3,148499.59,"['TXN_7B426A73DD', 'TXN_B166200D90', 'TXN_856F7A6DE7']"
CUST_105739,7-Day Standard Structuring,2023-05-08 12:00:00,2023-05-15 12:00:00,2,103227.14,"['TXN_B166200D90', 'TXN_856F7A6DE7']"
CUST_105964,7-Day Standard Structuring,2023-02-27 12:00:00,2023-03-06 12:00:00,6,64707.56,"['TXN_CDA4AD0C37', 'TXN_121415FA26', 'TXN_C1DE76F12D', 'TXN_EC31718514', 'TXN_58C9B31DDB', 'TXN_CC556E6380']"
CUST_105964,7-Day Standard Structuring,2023-02-28 15:00:00,2023-03-07 15:00:00,5,53710.33,"['TXN_121415FA26', 'TXN_C1DE76F12D', 'TXN_EC31718514', 'TXN_58C9B31DDB', 'TXN_CC556E6380']"
CUST_105982,7-Day Standard Structuring,2023-04-30 15:00:00,2023-05-07 15:00:00,4,69383.34,"['TXN_4231A9AD35', 'TXN_46D226ED1E', 'TXN_73C3FB7BF4', 'TXN_316342CBA2']"
CUST_105982,7-Day Standard Structuring,2023-05-01 10:00:00,2023-05-08 10:00:00,3,54698.34,"['TXN_46D226ED1E', 'TXN_73C3FB7BF4', 'TXN_316342CBA2']"
CUST_105988,7-Day Standard Structuring,2023-03-30 15:00:00,2023-04-06 15:00:00,6,56349.23,"['TXN_F5B40C397D', 'TXN_E6760BD089', 'TXN_87D64C55EB', 'TXN_B35CF2F87B', 'TXN_AA79F9486F', 'TXN_4DA125CB75']"
CUST_106096,7-Day Standard Structuring,2023-09-26 12:00:00,2023-10-03 12:00:00,4,54319.25,"['TXN_B1DB637904', 'TXN_9DACCBB7E8', 'TXN_4D63A343EF', 'TXN_72275484AC']"
CUST_106127,7-Day Standard Structuring,2023-09-07 09:00:00,2023-09-14 09:00:00,5,71612.35,"['TXN_2AB2F94E1C', 'TXN_F796F0F986', 'TXN_9873213018', 'TXN_05CCBB2143', 'TXN_91A16E0A01']"
CUST_106127,7-Day Standard Structuring,2023-09-08 10:00:00,2023-09-15 10:00:00,4,56236.99,"['TXN_F796F0F986', 'TXN_9873213018', 'TXN_05CCBB2143', 'TXN_91A16E0A01']"
CUST_106167,7-Day Standard Structuring,2023-07-14 15:00:00,2023-07-21 15:00:00,6,70116.45,"['TXN_CF81C3B57C', 'TXN_FCA9C5DB97', 'TXN_D18EF49453', 'TXN_D190C21676', 'TXN_C85B1ADA1F', 'TXN_6F4909A80A']"
CUST_106167,7-Day Standard Structuring,2023-07-15 15:00:00,2023-07-22 15:00:00,5,59275.89,"['TXN_FCA9C5DB97', 'TXN_D18EF49453', 'TXN_D190C21676', 'TXN_C85B1ADA1F', 'TXN_6F4909A80A']"
CUST_106335,7-Day Standard Structuring,2023-08-21 13:00:00,2023-08-28 13:00:00,6,58290.08,"['TXN_BF3E04B7DD', 'TXN_EA86A21F30', 'TXN_233FB91326', 'TXN_B302B60803', 'TXN_0470FA59B8', 'TXN_BFE5FF6DBC']"
CUST_106400,7-Day Standard Structuring,2023-05-23 14:00:00,2023-05-30 14:00:00,5,209771.62,"['TXN_EC3551161F', 'TXN_E9DDE7ABCC', 'TXN_100F4AE494', 'TXN_EF37D5FFC5', 'TXN_6860D78119']"
CUST_106400,7-Day Standard Structuring,2023-05-24 15:00:00,2023-05-31 15:00:00,4,166040.44,"['TXN_E9DDE7ABCC', 'TXN_100F4AE494', 'TXN_EF37D5FFC5', 'TXN_6860D78119']"
CUST_106400,7-Day Standard Structuring,2023-05-25 14:00:00,2023-06-01 14:00:00,3,126832.87,"['TXN_100F4AE494', 'TXN_EF37D5FFC5', 'TXN_6860D78119']"
CUST_106400,7-Day Standard Structuring,2023-05-26 12:00:00,2023-06-02 12:00:00,2,87861.33,"['TXN_EF37D5FFC5', 'TXN_6860D78119']"
CUST_106440,7-Day Standard Structuring,2023-07-21 13:00:00,2023-07-28 13:00:00,4,76753.9,"['TXN_B9E16D1917', 'TXN_241A327F74', 'TXN_9C55D953B8', 'TXN_8A1EE1E341']"
CUST_106440,7-Day Standard Structuring,2023-07-22 11:00:00,2023-07-29 11:00:00,3,56987.11,"['TXN_241A327F74', 'TXN_9C55D953B8', 'TXN_8A1EE1E341']"
CUST_106447,7-Day Standard Structuring,2023-03-02 10:00:00,2023-03-09 10:00:00,4,58103.8,"['TXN_E96A506E4F', 'TXN_2B5E4ADE7E', 'TXN_4D48F61D43', 'TXN_866509726C']"
CUST_106479,7-Day Standard Structuring,2023-05-21 14:00:00,2023-05-28 14:00:00,5,51907.57,"['TXN_67967C5FB8', 'TXN_A3CB373236', 'TXN_4EC3573242', 'TXN_CA97825D5A', 'TXN_3BBA5858C2']"
CUST_106552,7-Day Standard Structuring,2023-07-10 12:00:00,2023-07-17 12:00:00,6,57905.32,"['TXN_0FCC2246ED', 'TXN_C1FBD7A023', 'TXN_AB5A572378', 'TXN_717C31CFD6', 'TXN_71EAF1221F', 'TXN_5E98AF21D3']"
CUST_106691,7-Day Standard Structuring,2023-08-24 10:00:00,2023-08-31 10:00:00,6,72148.33,"['TXN_7F6C329497', 'TXN_00E8D379D8', 'TXN_C2057459BB', 'TXN_1C3CB7D169', 'TXN_09A28C28E6', 'TXN_2F7704097A']"
CUST_106691,7-Day Standard Structuring,2023-08-25 11:00:00,2023-09-01 11:00:00,5,61916.11,"['TXN_00E8D379D8', 'TXN_C2057459BB', 'TXN_1C3CB7D169', 'TXN_09A28C28E6', 'TXN_2F7704097A']"
CUST_106700,7-Day Standard Structuring,2023-06-16 12:00:00,2023-06-23 12:00:00,4,66642.72,"['TXN_2FEF8F2791', 'TXN_337290C593', 'TXN_1B371D819A', 'TXN_ED995CD3E1']"
CUST_106700,7-Day Standard Structuring,2023-06-17 12:00:00,2023-06-24 12:00:00,3,50980.57,"['TXN_337290C593', 'TXN_1B371D819A', 'TXN_ED995CD3E1']"
CUST_106702,7-Day Standard Structuring,2023-02-04 14:00:00,2023-02-11 14:00:00,5,57119.01,"['TXN_DD86A87AC1', 'TXN_6748D150E8', 'TXN_2E5512DAB9', 'TXN_A4E62F0E63', 'TXN_4B9E5B16BD']"
CUST_106766,7-Day Standard Structuring,2023-05-21 10:00:00,2023-05-28 10:00:00,4,71696.28,"['TXN_7088E0107E', 'TXN_E3D487BAFC', 'TXN_1FE4C8B9AD', 'TXN_9D602E2E77']"
CUST_106766,7-Day Standard Structuring,2023-05-22 10:00:00,2023-05-29 10:00:00,3,52559.87,"['TXN_E3D487BAFC', 'TXN_1FE4C8B9AD', 'TXN_9D602E2E77']"
CUST_106839,7-Day Standard Structuring,2023-05-23 12:00:00,2023-05-30 12:00:00,5,59028.99,"['TXN_8D7996549A', 'TXN_FE5146E30C', 'TXN_0CF56CB64A', 'TXN_79BBEAE50E', 'TXN_EBB90C259D']"
CUST_106965,7-Day Standard Structuring,2023-09-28 14:00:00,2023-10-05 14:00:00,6,63743.38,"['TXN_B4636A5D36', 'TXN_AD383D2F74', 'TXN_BFFBE803BF', 'TXN_4B37E57F88', 'TXN_DB2A5FFA91', 'TXN_2B80375BC7']"
CUST_106965,7-Day Standard Structuring,2023-09-29 14:00:00,2023-10-06 14:00:00,5,52672.01,"['TXN_AD383D2F74', 'TXN_BFFBE803BF', 'TXN_4B37E57F88', 'TXN_DB2A5FFA91', 'TXN_2B80375BC7']"
CUST_107037,7-Day Standard Structuring,2023-06-21 15:00:00,2023-06-28 15:00:00,4,61246.6,"['TXN_CC4571E768', 'TXN_7BBBFED778', 'TXN_A718223FD7', 'TXN_23DF76A286']"
CUST_107111,7-Day Standard Structuring,2023-10-02 11:00:00,2023-10-09 11:00:00,5,71968.57,"['TXN_D9C69271D1', 'TXN_2F7CA85B52', 'TXN_57EF2B1D13', 'TXN_288BDFE9AD', 'TXN_920B674DD8']"
CUST_107111,7-Day Standard Structuring,2023-10-03 14:00:00,2023-10-10 14:00:00,4,56452.44,"['TXN_2F7CA85B52', 'TXN_57EF2B1D13', 'TXN_288BDFE9AD', 'TXN_920B674DD8']"
CUST_107241,7-Day Standard Structuring,2023-09-23 09:00:00,2023-09-30 09:00:00,6,200395.14,"['TXN_049E2812C9', 'TXN_A53FC60310', 'TXN_A4DC528973', 'TXN_DAE6BBEA32', 'TXN_FE0439A398', 'TXN_8AF2089AF8']"
CUST_107241,7-Day Standard Structuring,2023-09-24 09:00:00,2023-10-01 09:00:00,5,162432.84,"['TXN_A53FC60310', 'TXN_A4DC528973', 'TXN_DAE6BBEA32', 'TXN_FE0439A398', 'TXN_8AF2089AF8']"
CUST_107241,7-Day Standard Structuring,2023-09-25 09:00:00,2023-10-02 09:00:00,4,122324.88,"['TXN_A4DC528973', 'TXN_DAE6BBEA32', 'TXN_FE0439A398', 'TXN_8AF2089AF8']"
CUST_107241,7-Day Standard Structuring,2023-09-26 10:00:00,2023-10-03 10:00:00,3,92924.79,"['TXN_DAE6BBEA32', 'TXN_FE0439A398', 'TXN_8AF2089AF8']"
CUST_107241,7-Day Standard Structuring,2023-09-27 11:00:00,2023-10-04 11:00:00,2,58195.9,"['TXN_FE0439A398', 'TXN_8AF2089AF8']"
CUST_107278,7-Day Standard Structuring,2023-06-12 11:00:00,2023-06-19 11:00:00,3,146764.06,"['TXN_A564B127EB', 'TXN_C2AEDA7C30', 'TXN_611707E443']"
CUST_107278,7-Day Standard Structuring,2023-06-13 14:00:00,2023-06-20 14:00:00,2,100260.08,"['TXN_C2AEDA7C30', 'TXN_611707E443']"
CUST_107466,7-Day Standard Structuring,2023-03-24 13:00:00,2023-03-31 13:00:00,4,52457.39,"['TXN_58C7F3182B', 'TXN_750E7E8128', 'TXN_CFEDEE23C6', 'TXN_0562716158']"
CUST_107519,7-Day Standard Structuring,2023-04-17 11:00:00,2023-04-24 11:00:00,4,52479.24,"['TXN_F2239FCF02', 'TXN_BC4869C640', 'TXN_22B31A0A12', 'TXN_61E35391B8']"
CUST_107525,7-Day Standard Structuring,2023-02-12 12:00:00,2023-02-19 12:00:00,4,64906.66,"['TXN_88B3BD5CF1', 'TXN_71E43C6BE2', 'TXN_8391356970', 'TXN_847D6FD5A1']"
CUST_107596,7-Day Standard Structuring,2023-10-13 09:00:00,2023-10-20 09:00:00,5,70593.68,"['TXN_2980A442F8', 'TXN_6DC7ECE2E7', 'TXN_89DD2BF1C9', 'TXN_CC730B6AA3', 'TXN_B43B7F2071']"
CUST_107596,7-Day Standard Structuring,2023-10-14 11:00:00,2023-10-21 11:00:00,4,59134.74,"['TXN_6DC7ECE2E7', 'TXN_89DD2BF1C9', 'TXN_CC730B6AA3', 'TXN_B43B7F2071']"
CUST_107613,7-Day Standard Structuring,2023-08-30 13:00:00,2023-09-06 13:00:00,5,68294.74,"['TXN_32A5751ABC', 'TXN_83DFE4533B', 'TXN_04CD9E1C11', 'TXN_51424019CC', 'TXN_FAB2DE81C8']"
CUST_107613,7-Day Standard Structuring,2023-08-31 14:00:00,2023-09-07 14:00:00,4,56663.97,"['TXN_83DFE4533B', 'TXN_04CD9E1C11', 'TXN_51424019CC', 'TXN_FAB2DE81C8']"
CUST_107637,7-Day Standard Structuring,2023-03-31 09:00:00,2023-04-07 09:00:00,4,69843.91,"['TXN_386D60D19E', 'TXN_0A7A753D5F', 'TXN_8191ACD8AD', 'TXN_932D9BD398']"
CUST_107644,7-Day Standard Structuring,2023-06-27 14:00:00,2023-07-04 14:00:00,5,61281.47,"['TXN_C0F106719F', 'TXN_0A10D8B2D1', 'TXN_FB882CF07D', 'TXN_C50DB9E624', 'TXN_A5239297AB']"
CUST_107690,7-Day Standard Structuring,2023-07-13 14:00:00,2023-07-20 14:00:00,5,63261.37,"['TXN_B41CB74411', 'TXN_A116EC581A', 'TXN_80A93D4EDB', 'TXN_E143AD2466', 'TXN_042AF9DBDA']"
CUST_107690,7-Day Standard Structuring,2023-07-14 15:00:00,2023-07-21 15:00:00,4,50911.61,"['TXN_A116EC581A', 'TXN_80A93D4EDB', 'TXN_E143AD2466', 'TXN_042AF9DBDA']"
CUST_107717,7-Day Standard Structuring,2023-08-06 14:00:00,2023-08-13 14:00:00,4,75074.52,"['TXN_EFCBC63B1B', 'TXN_BDE4D04C15', 'TXN_FF89C1DA81', 'TXN_42F711E73D']"
CUST_107717,7-Day Standard Structuring,2023-08-07 14:00:00,2023-08-14 14:00:00,3,58078.47,"['TXN_BDE4D04C15', 'TXN_FF89C1DA81', 'TXN_42F711E73D']"
CUST_107779,7-Day Standard Structuring,2023-08-08 10:00:00,2023-08-15 10:00:00,4,73308.48,"['TXN_8E2A8BAACB', 'TXN_C737C510F3', 'TXN_E192D3EFB6', 'TXN_E3126D847B']"
CUST_107779,7-Day Standard Structuring,2023-08-09 15:00:00,2023-08-16 15:00:00,3,53678.38,"['TXN_C737C510F3', 'TXN_E192D3EFB6', 'TXN_E3126D847B']"
CUST_107809,7-Day Standard Structuring,2023-04-02 09:00:00,2023-04-09 09:00:00,5,76851.54,"['TXN_EE18208A25', 'TXN_ECB68C9A09', 'TXN_DBE28FCD5A', 'TXN_3994F3E766', 'TXN_7A20406529']"
CUST_107809,7-Day Standard Structuring,2023-04-03 11:00:00,2023-04-10 11:00:00,4,60214.34,"['TXN_ECB68C9A09', 'TXN_DBE28FCD5A', 'TXN_3994F3E766', 'TXN_7A20406529']"
CUST_108004,7-Day Standard Structuring,2023-08-02 13:00:00,2023-08-09 13:00:00,4,66178.14,"['TXN_EDEE6AD135', 'TXN_F5C17CD44A', 'TXN_749EE753B0', 'TXN_602E0B7337']"
CUST_108004,7-Day Standard Structuring,2023-08-03 09:00:00,2023-08-10 09:00:00,3,51412.39,"['TXN_F5C17CD44A', 'TXN_749EE753B0', 'TXN_602E0B7337']"
CUST_108025,7-Day Standard Structuring,2023-10-01 11:00:00,2023-10-08 11:00:00,6,59548.49,"['TXN_41F3F9E37E', 'TXN_C7E4C78AB7', 'TXN_C428887750', 'TXN_E3D1A99466', 'TXN_11679ABFA0', 'TXN_EE9CAEAD6E']"
CUST_108079,7-Day Standard Structuring,2023-10-18 15:00:00,2023-10-25 15:00:00,4,52193.9,"['TXN_BD1E16C60B', 'TXN_47491D973B', 'TXN_3085756D3B', 'TXN_E1D9B7203E']"
CUST_108161,7-Day Standard Structuring,2023-06-29 15:00:00,2023-07-06 15:00:00,5,71741.21,"['TXN_51503004C2', 'TXN_261C0600E7', 'TXN_D5B69ABA66', 'TXN_D4FA9ADE5C', 'TXN_A44BCF8C22']"
CUST_108161,7-Day Standard Structuring,2023-06-30 11:00:00,2023-07-07 11:00:00,4,56661.92,"['TXN_261C0600E7', 'TXN_D5B69ABA66', 'TXN_D4FA9ADE5C', 'TXN_A44BCF8C22']"
CUST_108254,7-Day Standard Structuring,2023-05-02 14:00:00,2023-05-09 14:00:00,4,66398.22,"['TXN_D5A666D646', 'TXN_15A90D3883', 'TXN_11BAE1FF30', 'TXN_D453A819D8']"
CUST_108254,7-Day Standard Structuring,2023-05-03 11:00:00,2023-05-10 11:00:00,3,50977.87,"['TXN_15A90D3883', 'TXN_11BAE1FF30', 'TXN_D453A819D8']"
CUST_108322,7-Day Standard Structuring,2023-03-09 12:00:00,2023-03-16 12:00:00,5,59527.67,"['TXN_F2FEBAF43A', 'TXN_5AD849C6F4', 'TXN_BFA068A4B1', 'TXN_A6AECF08AE', 'TXN_4204C89ED7']"
CUST_108461,7-Day Standard Structuring,2023-09-21 12:00:00,2023-09-28 12:00:00,5,64285.14,"['TXN_E5062AB07E', 'TXN_9DCCA50BD2', 'TXN_BF2476B0B2', 'TXN_8D05505C02', 'TXN_412DBA61D3']"
CUST_108461,7-Day Standard Structuring,2023-09-22 10:00:00,2023-09-29 10:00:00,4,50014.13,"['TXN_9DCCA50BD2', 'TXN_BF2476B0B2', 'TXN_8D05505C02', 'TXN_412DBA61D3']"
CUST_108562,7-Day Standard Structuring,2023-05-07 14:00:00,2023-05-14 14:00:00,6,67045.39,"['TXN_DE96D46A10', 'TXN_E03100F544', 'TXN_4DF93CA20F', 'TXN_18CA126AC4', 'TXN_366AC1F3CA', 'TXN_B7E0771A4C']"
CUST_108562,7-Day Standard Structuring,2023-05-08 13:00:00,2023-05-15 13:00:00,5,57509.83,"['TXN_E03100F544', 'TXN_4DF93CA20F', 'TXN_18CA126AC4', 'TXN_366AC1F3CA', 'TXN_B7E0771A4C']"
CUST_108663,7-Day Standard Structuring,2023-07-01 10:00:00,2023-07-08 10:00:00,6,68841.94,"['TXN_1FBF773C66', 'TXN_1C4B306719', 'TXN_B49444C5D8', 'TXN_AAAB95D7C5', 'TXN_E817A2F0AA', 'TXN_A7A07CD3E5']"
CUST_108663,7-Day Standard Structuring,2023-07-02 10:00:00,2023-07-09 10:00:00,5,56317.93,"['TXN_1C4B306719', 'TXN_B49444C5D8', 'TXN_AAAB95D7C5', 'TXN_E817A2F0AA', 'TXN_A7A07CD3E5']"
CUST_108672,7-Day Standard Structuring,2023-06-12 15:00:00,2023-06-19 15:00:00,4,76617.75,"['TXN_8B172C537B', 'TXN_2C3B11A57B', 'TXN_D8DD91F692', 'TXN_47E67B35C0']"
CUST_108672,7-Day Standard Structuring,2023-06-13 10:00:00,2023-06-20 10:00:00,3,61142.22,"['TXN_2C3B11A57B', 'TXN_D8DD91F692', 'TXN_47E67B35C0']"
CUST_108721,7-Day Standard Structuring,2023-02-20 10:00:00,2023-02-27 10:00:00,4,70588.02,"['TXN_AA014678EB', 'TXN_D073B87A95', 'TXN_828303F90B', 'TXN_3302D864BE']"
CUST_108721,7-Day Standard Structuring,2023-02-21 10:00:00,2023-02-28 10:00:00,3,50387.19,"['TXN_D073B87A95', 'TXN_828303F90B', 'TXN_3302D864BE']"
CUST_108846,7-Day Standard Structuring,2023-04-17 15:00:00,2023-04-24 15:00:00,6,52811.45,"['TXN_D4E8CF5342', 'TXN_FDF36A24DC', 'TXN_A7811D064E', 'TXN_31E6C04D37', 'TXN_786FE876DA', 'TXN_BAA61186D1']"
CUST_108878,7-Day Standard Structuring,2023-03-25 11:00:00,2023-04-01 11:00:00,4,60514.92,"['TXN_EA5EFB5163', 'TXN_9FF54B3419', 'TXN_159B96EC16', 'TXN_853BF2CA73']"
CUST_109004,7-Day Standard Structuring,2023-01-25 14:00:00,2023-02-01 14:00:00,6,268421.19,"['TXN_337E426874', 'TXN_02BDE6EE68', 'TXN_F5FBB20732', 'TXN_6249A979E5', 'TXN_C49ED0C5FC', 'TXN_48D7CC6589']"
CUST_109004,7-Day Standard Structuring,2023-01-26 12:00:00,2023-02-02 12:00:00,5,223082.75,"['TXN_02BDE6EE68', 'TXN_F5FBB20732', 'TXN_6249A979E5', 'TXN_C49ED0C5FC', 'TXN_48D7CC6589']"
CUST_109004,7-Day Standard Structuring,2023-01-27 15:00:00,2023-02-03 15:00:00,4,170327.73,"['TXN_F5FBB20732', 'TXN_6249A979E5', 'TXN_C49ED0C5FC', 'TXN_48D7CC6589']"
CUST_109004,7-Day Standard Structuring,2023-01-28 15:00:00,2023-02-04 15:00:00,3,126600.26,"['TXN_6249A979E5', 'TXN_C49ED0C5FC', 'TXN_48D7CC6589']"
CUST_109004,7-Day Standard Structuring,2023-01-29 13:00:00,2023-02-05 13:00:00,2,90776.34,"['TXN_C49ED0C5FC', 'TXN_48D7CC6589']"
CUST_109313,7-Day Standard Structuring,2023-10-03 12:00:00,2023-10-10 12:00:00,4,199770.12,"['TXN_9A4FDAB1F4', 'TXN_9D1C0B9F91', 'TXN_4A5F6847A7', 'TXN_5DFCBAF27A']"
CUST_109313,7-Day Standard Structuring,2023-10-04 09:00:00,2023-10-11 09:00:00,3,151486.62,"['TXN_9D1C0B9F91', 'TXN_4A5F6847A7', 'TXN_5DFCBAF27A']"
CUST_109313,7-Day Standard Structuring,2023-10-05 13:00:00,2023-10-12 13:00:00,2,101388.1,"['TXN_4A5F6847A7', 'TXN_5DFCBAF27A']"
CUST_109377,7-Day Standard Structuring,2023-05-27 09:00:00,2023-06-03 09:00:00,6,62444.42,"['TXN_942E0C1492', 'TXN_E66FEB22DD', 'TXN_A79BF21AD2', 'TXN_DE9ECBE71C', 'TXN_A25ADA8533', 'TXN_3D218DE9D5']"
CUST_109377,7-Day Standard Structuring,2023-05-28 11:00:00,2023-06-04 11:00:00,5,51925.1,"['TXN_E66FEB22DD', 'TXN_A79BF21AD2', 'TXN_DE9ECBE71C', 'TXN_A25ADA8533', 'TXN_3D218DE9D5']"
CUST_109378,7-Day Standard Structuring,2023-02-07 09:00:00,2023-02-14 09:00:00,5,71463.3,"['TXN_ED1BBB776C', 'TXN_5A1F84B8AB', 'TXN_20C0B6AACA', 'TXN_270574ED92', 'TXN_C26BBFB7CD']"
CUST_109378,7-Day Standard Structuring,2023-02-08 13:00:00,2023-02-15 13:00:00,4,55447.16,"['TXN_5A1F84B8AB', 'TXN_20C0B6AACA', 'TXN_270574ED92', 'TXN_C26BBFB7CD']"
CUST_109686,7-Day Standard Structuring,2023-08-03 12:00:00,2023-08-10 12:00:00,4,59558.95,"['TXN_9CF30390B6', 'TXN_CCDCD4F971', 'TXN_B1B85E9902', 'TXN_78D5CBFB8D']"
CUST_109691,7-Day Standard Structuring,2023-10-21 10:00:00,2023-10-28 10:00:00,2,107845.2,"['TXN_C52D617809', 'TXN_9CA52A653C']"
CUST_109779,7-Day Standard Structuring,2023-04-05 11:00:00,2023-04-12 11:00:00,4,67448.36,"['TXN_549B21B2A2', 'TXN_D68AA80C04', 'TXN_9EB8165134', 'TXN_3267C50482']"
CUST_109779,7-Day Standard Structuring,2023-04-06 09:00:00,2023-04-13 09:00:00,3,52536.88,"['TXN_D68AA80C04', 'TXN_9EB8165134', 'TXN_3267C50482']"
CUST_109985,7-Day Standard Structuring,2023-06-17 15:00:00,2023-06-24 15:00:00,5,199104.01,"['TXN_932483DC3F', 'TXN_BE309C72FE', 'TXN_85B10F17E0', 'TXN_EBD64E1C39', 'TXN_FDFE433164']"
CUST_109985,7-Day Standard Structuring,2023-06-18 09:00:00,2023-06-25 09:00:00,4,156669.48,"['TXN_BE309C72FE', 'TXN_85B10F17E0', 'TXN_EBD64E1C39', 'TXN_FDFE433164']"
CUST_109985,7-Day Standard Structuring,2023-06-19 15:00:00,2023-06-26 15:00:00,3,122107.25,"['TXN_85B10F17E0', 'TXN_EBD64E1C39', 'TXN_FDFE433164']"
CUST_109985,7-Day Standard Structuring,2023-06-20 09:00:00,2023-06-27 09:00:00,2,81340.88,"['TXN_EBD64E1C39', 'TXN_FDFE433164']"
CUST_109992,7-Day Standard Structuring,2023-03-02 14:00:00,2023-03-09 14:00:00,6,53479.29,"['TXN_ECB16821C3', 'TXN_BC324C34C4', 'TXN_9FC7B7784B', 'TXN_B1754CD85C', 'TXN_8DC059A9DA', 'TXN_08E4DE4667']"
