employer_id,employer_name,industry
EMP_1000,"Rivera, Martinez and Richardson LLC",Education
EMP_1001,Paul-Kline LLC,Tech
EMP_1002,Morgan-Lopez LLC,Tech
EMP_1003,"Jimenez, Glass and Stone LLC",Healthcare
EMP_1004,Acosta Inc LLC,Construction
EMP_1005,Morrison-Short LLC,Education
EMP_1006,"Carter, Garcia and Murphy LLC",Retail
EMP_1007,Parker-Morrison LLC,Construction
EMP_1008,Jackson-Wallace LLC,Retail
EMP_1009,Williams-Berg LLC,Construction
EMP_1010,Mendez-Graham LLC,Healthcare
EMP_1011,"Whitney, Gould and Jones LLC",Education
EMP_1012,"Sullivan, Palmer and Brady LLC",Education
EMP_1013,Cisneros and Sons LLC,Finance
EMP_1014,"Gregory, Kim and Martinez LLC",Retail
EMP_1015,Osborne LLC LLC,Construction
EMP_1016,Reyes-Bradley LLC,Construction
EMP_1017,"Hernandez, Cole and Watson LLC",Tech
EMP_1018,Hines-Berry LLC,Finance
EMP_1019,"Richardson, Edwards and Ramirez LLC",Tech
EMP_1020,Johnson and Sons LLC,Tech
EMP_1021,Holmes-Mcintyre LLC,Tech
EMP_1022,Green LLC LLC,Retail
EMP_1023,"Griffin, Davies and Mitchell LLC",Retail
EMP_1024,Gonzalez-Taylor LLC,Healthcare
EMP_1025,Hayes Ltd LLC,Healthcare
EMP_1026,Osborn-Cochran LLC,Tech
EMP_1027,Contreras-Mckinney LLC,Finance
EMP_1028,"Daniels, Vance and York LLC",Construction
EMP_1029,"Mckinney, Graves and Thompson LLC",Retail
EMP_1030,Hicks-Martinez LLC,Finance
EMP_1031,Conner and Sons LLC,Education
EMP_1032,Johnson-Spencer LLC,Retail
EMP_1033,Mcdonald-Bird LLC,Retail
EMP_1034,Salazar Inc LLC,Healthcare
EMP_1035,Parker Ltd LLC,Construction
EMP_1036,"Mendoza, Jenkins and Ortiz LLC",Construction
EMP_1037,"Jones, Compton and Day LLC",Education
EMP_1038,Owens-Holmes LLC,Education
EMP_1039,Humphrey PLC LLC,Retail
EMP_1040,"Matthews, Saunders and Anderson LLC",Tech
EMP_1041,"Bartlett, Brown and Martinez LLC",Healthcare
EMP_1042,Torres and Sons LLC,Healthcare
EMP_1043,Donovan-Perez LLC,Retail
EMP_1044,"Jacobson, Singleton and King LLC",Finance
EMP_1045,"Huber, Hill and Weber LLC",Tech
EMP_1046,"Ferguson, Shaw and Jackson LLC",Retail
EMP_1047,"Moore, Hopkins and Le LLC",Tech
EMP_1048,"Morgan, Bradshaw and Williams LLC",Tech
EMP_1049,Miller Ltd LLC,Tech
EMP_1050,"Baker, Clark and Armstrong LLC",Retail
EMP_1051,"Fowler, Jimenez and Burton LLC",Healthcare
EMP_1052,May-Turner LLC,Healthcare
EMP_1053,Ballard Ltd LLC,Tech
EMP_1054,Evans-Jones LLC,Finance
EMP_1055,Moore Group LLC,Construction
EMP_1056,Marshall-Peterson LLC,Retail
EMP_1057,Edwards Ltd LLC,Construction
EMP_1058,Gross-Valencia LLC,Finance
EMP_1059,Anderson-Wood LLC,Retail
EMP_1060,"Rodriguez, Allen and Martinez LLC",Tech
EMP_1061,Wright-Davis LLC,Healthcare
EMP_1062,Dougherty-Lin LLC,Construction
EMP_1063,Wright-Grimes LLC,Education
EMP_1064,Li PLC LLC,Education
EMP_1065,"Edwards, Hines and Jimenez LLC",Finance
EMP_1066,"Owens, Koch and Jimenez LLC",Tech
EMP_1067,Landry PLC LLC,Construction
EMP_1068,Levy-Lewis LLC,Tech
EMP_1069,Williams-Campbell LLC,Construction
EMP_1070,"Khan, Pena and Ruiz LLC",Finance
EMP_1071,"Smith, Rodriguez and Anderson LLC",Finance
EMP_1072,Luna-Gallagher LLC,Education
EMP_1073,Williams-Williams LLC,Tech
EMP_1074,"Lee, Tran and Jones LLC",Retail
EMP_1075,"Cole, Pierce and Bryan LLC",Education
EMP_1076,"Becker, Wilson and Hester LLC",Tech
EMP_1077,Brooks-Hatfield LLC,Education
EMP_1078,"Mcmillan, Fischer and Gonzalez LLC",Retail
EMP_1079,"Morales, Williams and Williams LLC",Healthcare
EMP_1080,"Cook, Wells and Bryant LLC",Healthcare
EMP_1081,"Barry, Taylor and Velazquez LLC",Healthcare
EMP_1082,Martin-Ewing LLC,Healthcare
EMP_1083,"Kirby, Wheeler and Romero LLC",Construction
EMP_1084,"Patel, Erickson and Evans LLC",Healthcare
EMP_1085,Richardson Ltd LLC,Retail
EMP_1086,Whitney PLC LLC,Finance
EMP_1087,Robles-Swanson LLC,Finance
EMP_1088,"Soto, Carlson and Baker LLC",Construction
EMP_1089,"Patton, Parsons and Lane LLC",Healthcare
EMP_1090,"Williams, Castillo and Warren LLC",Healthcare
EMP_1091,"Harvey, Randall and Hernandez LLC",Healthcare
EMP_1092,"Allen, Armstrong and Graves LLC",Education
EMP_1093,Smith LLC LLC,Tech
EMP_1094,Hernandez-Vaughn LLC,Education
EMP_1095,Shaw-Carr LLC,Tech
EMP_1096,Salas-Fitzgerald LLC,Healthcare
EMP_1097,Thornton PLC LLC,Healthcare
EMP_1098,Hoffman Ltd LLC,Education
EMP_1099,Fox-Edwards LLC,Education
EMP_1100,Stevens PLC LLC,Tech
EMP_1101,Payne-Lowe LLC,Finance
EMP_1102,"Becker, Lara and Baker LLC",Tech
EMP_1103,Lee-Wright LLC,Education
EMP_1104,"Evans, David and Hendrix LLC",Retail
EMP_1105,Bush-Vaughn LLC,Education
EMP_1106,Stewart-Bailey LLC,Retail
EMP_1107,"Hill, Martinez and Rhodes LLC",Construction
EMP_1108,Huang-Foster LLC,Education
EMP_1109,Blevins-Ballard LLC,Construction
EMP_1110,Williams-Moses LLC,Finance
EMP_1111,Reed Group LLC,Tech
EMP_1112,"Scott, Mendoza and Harris LLC",Retail
EMP_1113,"Nelson, Hoffman and Nelson LLC",Tech
EMP_1114,Gilbert PLC LLC,Construction
EMP_1115,Sanchez Ltd LLC,Retail
EMP_1116,"Perez, Hall and Garcia LLC",Tech
EMP_1117,Love-Garcia LLC,Education
EMP_1118,Smith PLC LLC,Healthcare
EMP_1119,Russell Group LLC,Construction
EMP_1120,Santos-Avila LLC,Tech
EMP_1121,Morris-Brewer LLC,Construction
EMP_1122,Pearson and Sons LLC,Construction
EMP_1123,"Rodgers, Jefferson and Johnson LLC",Retail
EMP_1124,Butler and Sons LLC,Retail
EMP_1125,Osborn Group LLC,Healthcare
EMP_1126,Lopez-Curry LLC,Education
EMP_1127,Mcdowell-Smith LLC,Construction
EMP_1128,"Morrison, Hebert and Rogers LLC",Tech
EMP_1129,Hays-Daniels LLC,Finance
EMP_1130,Small-Anderson LLC,Construction
EMP_1131,"Mcdonald, Lee and Rodriguez LLC",Construction
EMP_1132,Simon Ltd LLC,Healthcare
EMP_1133,Higgins-Smith LLC,Education
EMP_1134,Gibbs-Bradley LLC,Finance
EMP_1135,Thompson Ltd LLC,Retail
EMP_1136,Wilcox-Robertson LLC,Retail
EMP_1137,Morales Inc LLC,Tech
EMP_1138,Holden Group LLC,Finance
EMP_1139,Boyle-Smith LLC,Retail
EMP_1140,Young-Molina LLC,Tech
EMP_1141,Turner-Sharp LLC,Education
EMP_1142,Green LLC LLC,Tech
EMP_1143,"Young, Contreras and Marshall LLC",Retail
EMP_1144,Sullivan PLC LLC,Healthcare
EMP_1145,"Carrillo, Vaughn and Fowler LLC",Healthcare
EMP_1146,Richardson-Walker LLC,Healthcare
EMP_1147,Mendoza Group LLC,Retail
EMP_1148,"Zhang, Brooks and Miles LLC",Healthcare
EMP_1149,Todd-Pham LLC,Finance
EMP_1150,Gill Ltd LLC,Education
EMP_1151,"Marks, Miller and Griffin LLC",Tech
EMP_1152,"Cox, Stark and Rodriguez LLC",Tech
EMP_1153,"Leach, Harris and Herrera LLC",Retail
EMP_1154,Murphy PLC LLC,Healthcare
EMP_1155,Wilson-Harris LLC,Healthcare
EMP_1156,"Burns, Nolan and Griffin LLC",Construction
EMP_1157,Chavez PLC LLC,Education
EMP_1158,Bryant-Brown LLC,Finance
EMP_1159,Chambers-Parker LLC,Tech
EMP_1160,Foster Inc LLC,Construction
EMP_1161,"Robinson, Jones and Henderson LLC",Construction
EMP_1162,"Brown, Mcknight and Michael LLC",Retail
EMP_1163,Andersen Group LLC,Tech
EMP_1164,Mitchell and Sons LLC,Retail
EMP_1165,Cannon Ltd LLC,Finance
EMP_1166,"Stuart, Brooks and Vance LLC",Construction
EMP_1167,Kane-Knox LLC,Construction
EMP_1168,Miller-Brandt LLC,Education
EMP_1169,"Anderson, Dalton and Wilson LLC",Finance
EMP_1170,"Long, Anderson and Irwin LLC",Construction
EMP_1171,Avila LLC LLC,Finance
EMP_1172,Nunez-Stephens LLC,Tech
EMP_1173,"Gray, Hall and Murray LLC",Healthcare
EMP_1174,Hill Ltd LLC,Construction
EMP_1175,Johnson Ltd LLC,Education
EMP_1176,Mendez-Mayer LLC,Tech
EMP_1177,Allen Inc LLC,Finance
EMP_1178,Wheeler Group LLC,Retail
EMP_1179,"Powers, Brennan and Sanchez LLC",Tech
EMP_1180,Morales and Sons LLC,Construction
EMP_1181,"Robinson, Shields and Brown LLC",Finance
EMP_1182,"Holder, Young and Hendricks LLC",Healthcare
EMP_1183,"Flores, Harper and Chambers LLC",Tech
EMP_1184,Young-Walter LLC,Construction
EMP_1185,"Boyd, Gutierrez and Hill LLC",Education
EMP_1186,"Fry, Hobbs and Buck LLC",Retail
EMP_1187,"Shelton, Peters and Williams LLC",Finance
EMP_1188,David-Powers LLC,Tech
EMP_1189,"Flores, Butler and Hernandez LLC",Tech
EMP_1190,White-Medina LLC,Healthcare
EMP_1191,Atkinson LLC LLC,Healthcare
EMP_1192,"Thomas, Ford and Brown LLC",Education
EMP_1193,Faulkner-Grant LLC,Retail
EMP_1194,Price LLC LLC,Education
EMP_1195,Rivera Inc LLC,Construction
EMP_1196,Boone-Davis LLC,Construction
EMP_1197,"Calderon, Williams and Bennett LLC",Education
EMP_1198,"Morrison, Russo and Lopez LLC",Retail
EMP_1199,"Ramsey, Hansen and Mendoza LLC",Education
EMP_1200,Turner-Stout LLC,Retail
EMP_1201,Giles Ltd LLC,Retail
EMP_1202,Burgess Group LLC,Finance
EMP_1203,Dominguez Ltd LLC,Retail
EMP_1204,Sanders and Sons LLC,Healthcare
EMP_1205,"Morris, Campbell and Owens LLC",Retail
EMP_1206,"Howard, Green and Hunt LLC",Retail
EMP_1207,Owens-Lang LLC,Retail
EMP_1208,"Harrison, Franco and Rocha LLC",Construction
EMP_1209,Edwards-Williams LLC,Healthcare
EMP_1210,Figueroa Inc LLC,Healthcare
EMP_1211,Tran-Silva LLC,Education
EMP_1212,"Butler, Hernandez and Rivera LLC",Finance
EMP_1213,Hudson-Sanchez LLC,Retail
EMP_1214,"Pena, Cohen and Scott LLC",Tech
EMP_1215,Levy-May LLC,Finance
EMP_1216,Murray-Oconnor LLC,Finance
EMP_1217,Jackson-Cortez LLC,Healthcare
EMP_1218,White-Preston LLC,Finance
EMP_1219,"Bernard, Warren and Combs LLC",Retail
EMP_1220,Landry Ltd LLC,Retail
EMP_1221,Duran Group LLC,Construction
EMP_1222,Kirby and Sons LLC,Retail
EMP_1223,Mann Inc LLC,Retail
EMP_1224,Wagner LLC LLC,Healthcare
EMP_1225,Williamson Ltd LLC,Retail
EMP_1226,"Durham, Hopkins and Smith LLC",Construction
EMP_1227,"Arnold, Smith and Moreno LLC",Tech
EMP_1228,Nichols-Mitchell LLC,Healthcare
EMP_1229,"Li, Craig and Drake LLC",Tech
EMP_1230,Rodriguez Inc LLC,Healthcare
EMP_1231,"Hernandez, Lee and Fox LLC",Education
EMP_1232,Adams-Sanders LLC,Finance
EMP_1233,Chung-Stevens LLC,Education
EMP_1234,Branch and Sons LLC,Retail
EMP_1235,Sutton-Abbott LLC,Tech
EMP_1236,"Frey, Santos and Johnson LLC",Retail
EMP_1237,Gray-Tran LLC,Finance
EMP_1238,Walsh Ltd LLC,Healthcare
EMP_1239,Miller Group LLC,Finance
EMP_1240,"Mueller, Knight and Hodge LLC",Construction
EMP_1241,Jacobson Inc LLC,Finance
EMP_1242,Lewis Ltd LLC,Construction
EMP_1243,"Alvarez, Williams and Jones LLC",Finance
EMP_1244,Lam-Elliott LLC,Construction
EMP_1245,White LLC LLC,Tech
EMP_1246,Ali PLC LLC,Retail
EMP_1247,Goodwin Ltd LLC,Retail
EMP_1248,Hickman-Evans LLC,Education
EMP_1249,"Allen, Davenport and Price LLC",Retail
EMP_1250,"Rivera, Campos and Taylor LLC",Healthcare
EMP_1251,"Ramsey, Mason and Mccann LLC",Finance
EMP_1252,Davis and Sons LLC,Education
EMP_1253,Peterson PLC LLC,Healthcare
EMP_1254,"Sanders, Ayala and Johnson LLC",Healthcare
EMP_1255,Bowers-Hayes LLC,Construction
EMP_1256,Kelly Group LLC,Retail
EMP_1257,Lopez-Willis LLC,Tech
EMP_1258,Miller-Montgomery LLC,Tech
EMP_1259,Marquez Inc LLC,Education
EMP_1260,Moore-Dawson LLC,Tech
EMP_1261,"Moore, Price and Ward LLC",Finance
EMP_1262,Smith LLC LLC,Tech
EMP_1263,Ward-Nelson LLC,Education
EMP_1264,Miller Group LLC,Tech
EMP_1265,Hawkins-Hunt LLC,Finance
EMP_1266,Johnson LLC LLC,Construction
EMP_1267,"Davis, George and Nguyen LLC",Education
EMP_1268,Smith-Gutierrez LLC,Construction
EMP_1269,Hardy PLC LLC,Construction
EMP_1270,Armstrong and Sons LLC,Construction
EMP_1271,"James, Taylor and Turner LLC",Healthcare
EMP_1272,Thomas-Jackson LLC,Retail
EMP_1273,Fisher-Washington LLC,Healthcare
EMP_1274,Ward and Sons LLC,Retail
EMP_1275,"Weber, Wheeler and Gonzalez LLC",Construction
EMP_1276,Taylor Inc LLC,Education
EMP_1277,Cook-Oliver LLC,Retail
EMP_1278,Alexander-Jordan LLC,Finance
EMP_1279,"Mccann, Taylor and Flores LLC",Finance
EMP_1280,"Harris, Edwards and Oconnell LLC",Tech
EMP_1281,Carter-Neal LLC,Retail
EMP_1282,Faulkner-Casey LLC,Education
EMP_1283,Bennett-Velasquez LLC,Healthcare
EMP_1284,Diaz-Frederick LLC,Construction
EMP_1285,Vargas PLC LLC,Tech
EMP_1286,Maldonado PLC LLC,Finance
EMP_1287,Benton Group LLC,Healthcare
EMP_1288,"Clark, Salinas and Guerra LLC",Healthcare
EMP_1289,Fuentes Group LLC,Construction
EMP_1290,"Porter, Schultz and Allen LLC",Retail
EMP_1291,"Moore, Henderson and Bennett LLC",Finance
EMP_1292,Ewing-Mendoza LLC,Education
EMP_1293,Ferguson-Mclean LLC,Healthcare
EMP_1294,"Barnes, Johnson and Schmitt LLC",Construction
EMP_1295,"Woodard, Herrera and Little LLC",Education
EMP_1296,Rodriguez and Sons LLC,Retail
EMP_1297,"Ortega, Jackson and Salazar LLC",Finance
EMP_1298,"Terrell, Byrd and Ross LLC",Retail
EMP_1299,Sheppard-Jordan LLC,Healthcare
EMP_1300,Garcia and Sons LLC,Education
EMP_1301,"Burgess, Grant and Watts LLC",Education
EMP_1302,Griffin Group LLC,Education
EMP_1303,Barton-Chapman LLC,Healthcare
EMP_1304,"Hernandez, Cuevas and Webb LLC",Healthcare
EMP_1305,Perry-Nixon LLC,Retail
EMP_1306,Guerra Ltd LLC,Tech
EMP_1307,Bailey LLC LLC,Retail
EMP_1308,Mueller-Boyd LLC,Finance
EMP_1309,Alvarez-Kim LLC,Construction
EMP_1310,"Chavez, Jones and Williams LLC",Education
EMP_1311,"Wilson, Sweeney and Wong LLC",Tech
EMP_1312,"Marsh, Spears and Yang LLC",Construction
EMP_1313,"Thompson, Moore and Castro LLC",Tech
EMP_1314,Hall-Sullivan LLC,Retail
EMP_1315,Lopez Ltd LLC,Healthcare
EMP_1316,Foster-Mclaughlin LLC,Education
EMP_1317,Cole Group LLC,Retail
EMP_1318,Smith-Lewis LLC,Construction
EMP_1319,Goodwin-Stokes LLC,Construction
EMP_1320,Ray PLC LLC,Construction
EMP_1321,Diaz and Sons LLC,Construction
EMP_1322,Wilson-Lambert LLC,Construction
EMP_1323,Rose-Fowler LLC,Tech
EMP_1324,"Price, Long and Wilson LLC",Retail
EMP_1325,Bruce-Williamson LLC,Education
EMP_1326,"Mccarthy, Evans and Mendez LLC",Healthcare
EMP_1327,Powers LLC LLC,Healthcare
EMP_1328,Allen Inc LLC,Retail
EMP_1329,Brooks and Sons LLC,Retail
EMP_1330,"Price, Carlson and Andrews LLC",Healthcare
EMP_1331,Lopez-Reid LLC,Healthcare
EMP_1332,"Ellison, Arias and Thompson LLC",Tech
EMP_1333,Burns and Sons LLC,Finance
EMP_1334,Edwards Group LLC,Education
EMP_1335,"Brown, Howard and Smith LLC",Construction
EMP_1336,Lee Group LLC,Finance
EMP_1337,"Wagner, Simpson and Cohen LLC",Retail
EMP_1338,Mckinney-Wallace LLC,Healthcare
EMP_1339,Miller Inc LLC,Finance
EMP_1340,Carter LLC LLC,Education
EMP_1341,Medina and Sons LLC,Retail
EMP_1342,Cunningham-Barton LLC,Construction
EMP_1343,Dunn-Wilson LLC,Construction
EMP_1344,Adams PLC LLC,Education
EMP_1345,Weaver-Sherman LLC,Education
EMP_1346,"Alexander, Robinson and Coleman LLC",Healthcare
EMP_1347,"Greer, Potter and Evans LLC",Construction
EMP_1348,Cole LLC LLC,Retail
EMP_1349,Gonzales Inc LLC,Finance
EMP_1350,Clark Ltd LLC,Retail
EMP_1351,"Norris, Callahan and Bishop LLC",Tech
EMP_1352,Martin-Taylor LLC,Tech
EMP_1353,Li Inc LLC,Education
EMP_1354,"Bell, Campbell and Ryan LLC",Healthcare
EMP_1355,Werner-Carter LLC,Tech
EMP_1356,"Adams, Hodge and Duke LLC",Construction
EMP_1357,"Ochoa, Taylor and Brady LLC",Retail
EMP_1358,Sellers-Riddle LLC,Retail
EMP_1359,"Martinez, Cline and Wright LLC",Education
EMP_1360,"Morris, Wright and Bridges LLC",Finance
EMP_1361,Burns-Ray LLC,Education
EMP_1362,Burton-Brooks LLC,Finance
EMP_1363,Schultz Inc LLC,Education
EMP_1364,Robertson-Ramirez LLC,Education
EMP_1365,Gibson-Freeman LLC,Education
EMP_1366,"Smith, Schroeder and Oconnor LLC",Finance
EMP_1367,"Stanton, Reid and Terry LLC",Finance
EMP_1368,Flynn Group LLC,Education
EMP_1369,Donaldson and Sons LLC,Tech
EMP_1370,Adams-Clayton LLC,Healthcare
EMP_1371,Kelley-Anderson LLC,Healthcare
EMP_1372,Kramer-Shannon LLC,Healthcare
EMP_1373,Williams Ltd LLC,Finance
EMP_1374,Smith-Noble LLC,Finance
EMP_1375,Alexander Inc LLC,Tech
EMP_1376,Harris-Barker LLC,Healthcare
EMP_1377,Khan LLC LLC,Healthcare
EMP_1378,Baxter LLC LLC,Education
EMP_1379,Pena LLC LLC,Finance
EMP_1380,Watson Ltd LLC,Healthcare
EMP_1381,Williams Ltd LLC,Retail
EMP_1382,Barber-Fischer LLC,Tech
EMP_1383,Rios-Padilla LLC,Retail
EMP_1384,Lewis Inc LLC,Retail
EMP_1385,Wheeler PLC LLC,Tech
EMP_1386,"Wallace, Smith and Cooper LLC",Retail
EMP_1387,Mcneil Group LLC,Healthcare
EMP_1388,"Anderson, Jones and Reyes LLC",Finance
EMP_1389,"Shaffer, Garcia and Richardson LLC",Tech
EMP_1390,Taylor-Ayala LLC,Education
EMP_1391,May Ltd LLC,Retail
EMP_1392,Jones PLC LLC,Tech
EMP_1393,Bishop and Sons LLC,Construction
EMP_1394,Bell-Lewis LLC,Construction
EMP_1395,"Hernandez, Jenkins and Parks LLC",Finance
EMP_1396,Miller Inc LLC,Healthcare
EMP_1397,Goodwin PLC LLC,Finance
EMP_1398,"Cruz, Richmond and Edwards LLC",Finance
EMP_1399,Wright Ltd LLC,Finance
EMP_1400,Wright PLC LLC,Finance
EMP_1401,"Griffith, Mitchell and Pugh LLC",Education
EMP_1402,Abbott Ltd LLC,Education
EMP_1403,Harris-Lawson LLC,Tech
EMP_1404,Adkins LLC LLC,Construction
EMP_1405,"Brown, Hurst and Blevins LLC",Finance
EMP_1406,Cruz-Allen LLC,Tech
EMP_1407,"Wheeler, Rice and Levine LLC",Construction
EMP_1408,Peck-Anderson LLC,Retail
EMP_1409,"Fisher, Payne and Thompson LLC",Healthcare
EMP_1410,Best-Townsend LLC,Education
EMP_1411,Matthews Inc LLC,Retail
EMP_1412,Lewis-Livingston LLC,Construction
EMP_1413,Hunter-Fuller LLC,Retail
EMP_1414,"Wang, Henderson and Morales LLC",Healthcare
EMP_1415,"Herrera, Jensen and Ramirez LLC",Construction
EMP_1416,Miller-Mccall LLC,Retail
EMP_1417,Herrera Group LLC,Education
EMP_1418,"Walters, Davenport and Becker LLC",Education
EMP_1419,Collins Group LLC,Tech
EMP_1420,"Ashley, Allen and Sanchez LLC",Retail
EMP_1421,Wilson-Salazar LLC,Finance
EMP_1422,Parker Ltd LLC,Retail
EMP_1423,"Yang, Wilson and Zimmerman LLC",Construction
EMP_1424,"Smith, Crawford and Reed LLC",Construction
EMP_1425,"Logan, Le and Jackson LLC",Retail
EMP_1426,Brady LLC LLC,Healthcare
EMP_1427,"Tanner, Wise and Johnson LLC",Education
EMP_1428,Nelson-Brown LLC,Construction
EMP_1429,"Proctor, Burton and Crawford LLC",Education
EMP_1430,"Ward, Porter and Bradley LLC",Construction
EMP_1431,Moore-Ayala LLC,Tech
EMP_1432,"Craig, Wilson and Yang LLC",Finance
EMP_1433,Williams Inc LLC,Construction
EMP_1434,Williams LLC LLC,Education
EMP_1435,Mora-White LLC,Tech
EMP_1436,Tran Ltd LLC,Construction
EMP_1437,"Rios, Walker and Wright LLC",Healthcare
EMP_1438,"Flores, Mckenzie and Duncan LLC",Finance
EMP_1439,Shaw Inc LLC,Construction
EMP_1440,Walker PLC LLC,Tech
EMP_1441,Finley Inc LLC,Healthcare
EMP_1442,Cline-Ayala LLC,Retail
EMP_1443,Murphy-Tran LLC,Tech
EMP_1444,Wood LLC LLC,Tech
EMP_1445,"Mueller, Stevenson and Sanchez LLC",Healthcare
EMP_1446,Vargas-Snyder LLC,Tech
EMP_1447,Oconnor PLC LLC,Healthcare
EMP_1448,Hernandez Group LLC,Construction
EMP_1449,Hall LLC LLC,Healthcare
EMP_1450,"Franco, Wiley and Tapia LLC",Healthcare
EMP_1451,Blake Group LLC,Finance
EMP_1452,"Acosta, Garcia and Moreno LLC",Healthcare
EMP_1453,Barnes Inc LLC,Healthcare
EMP_1454,Dawson Inc LLC,Retail
EMP_1455,Morse PLC LLC,Construction
EMP_1456,Haynes-Watson LLC,Finance
EMP_1457,"Miller, Davis and Anderson LLC",Retail
EMP_1458,Jones-Bradley LLC,Education
EMP_1459,Bates-Anderson LLC,Construction
EMP_1460,Green-Edwards LLC,Construction
EMP_1461,Haynes-Moss LLC,Education
EMP_1462,Chavez-Hall LLC,Healthcare
EMP_1463,Taylor PLC LLC,Retail
EMP_1464,Moore and Sons LLC,Tech
EMP_1465,Owens-Russell LLC,Finance
EMP_1466,"Howard, Townsend and Hayes LLC",Tech
EMP_1467,Baker-Wilson LLC,Education
EMP_1468,Aguirre LLC LLC,Construction
EMP_1469,"Terry, Williams and Huff LLC",Construction
EMP_1470,Hernandez-Dawson LLC,Finance
EMP_1471,Foster-Williams LLC,Construction
EMP_1472,Green-Ewing LLC,Construction
EMP_1473,Crane Group LLC,Finance
EMP_1474,"Adkins, Wright and Murray LLC",Retail
EMP_1475,Martinez Inc LLC,Retail
EMP_1476,Anderson Group LLC,Finance
EMP_1477,Parks-Pace LLC,Education
EMP_1478,Aguilar LLC LLC,Construction
EMP_1479,Johnson Inc LLC,Construction
EMP_1480,Orr Group LLC,Education
EMP_1481,Davis LLC LLC,Retail
EMP_1482,Williams Group LLC,Healthcare
EMP_1483,Jackson PLC LLC,Healthcare
EMP_1484,Underwood-Foster LLC,Healthcare
EMP_1485,Reyes Group LLC,Retail
EMP_1486,Gomez and Sons LLC,Retail
EMP_1487,Ramirez-Stephenson LLC,Education
EMP_1488,Mendez PLC LLC,Construction
EMP_1489,Holland Group LLC,Education
EMP_1490,Andrade-Mendoza LLC,Education
EMP_1491,Ramirez and Sons LLC,Retail
EMP_1492,Gonzalez-Wilkerson LLC,Healthcare
EMP_1493,"Wright, Mcknight and Stephens LLC",Tech
EMP_1494,Mayo Ltd LLC,Construction
EMP_1495,Castillo-Harrington LLC,Retail
EMP_1496,Durham-Shaw LLC,Healthcare
EMP_1497,Nelson-Johnson LLC,Tech
EMP_1498,"Robinson, Huang and Osborne LLC",Tech
EMP_1499,Stokes Group LLC,Retail
EMP_1500,"Howard, Silva and Hall LLC",Finance
EMP_1501,Garcia Ltd LLC,Construction
EMP_1502,Adams Ltd LLC,Tech
EMP_1503,Gallagher and Sons LLC,Retail
EMP_1504,"Bradford, Salinas and Kelly LLC",Retail
EMP_1505,Thompson PLC LLC,Healthcare
EMP_1506,Drake-Wolfe LLC,Finance
EMP_1507,"Johnson, Haynes and Meza LLC",Construction
EMP_1508,"Thomas, Vaughan and Copeland LLC",Education
EMP_1509,Weaver-Thompson LLC,Healthcare
EMP_1510,Davis and Sons LLC,Tech
EMP_1511,"Robinson, Fox and Smith LLC",Tech
EMP_1512,"Harris, Anderson and Love LLC",Healthcare
EMP_1513,Brown-Hernandez LLC,Retail
EMP_1514,"Stark, Schroeder and Mathis LLC",Tech
EMP_1515,Yu-Brooks LLC,Finance
EMP_1516,"Foster, Garcia and Turner LLC",Construction
EMP_1517,Daugherty Ltd LLC,Finance
EMP_1518,Conner-Yu LLC,Tech
EMP_1519,"Stewart, Mann and Hoffman LLC",Education
EMP_1520,"Buchanan, Walker and Chapman LLC",Construction
EMP_1521,Gray Ltd LLC,Construction
EMP_1522,"Phillips, Thompson and Smith LLC",Healthcare
EMP_1523,"Fry, Myers and Gamble LLC",Healthcare
EMP_1524,"Johnson, Guzman and Mccall LLC",Education
EMP_1525,"Walker, Cunningham and Zuniga LLC",Retail
EMP_1526,Rivera Inc LLC,Construction
EMP_1527,Reed LLC LLC,Education
EMP_1528,Fields Inc LLC,Healthcare
EMP_1529,"Santiago, Daniel and Rogers LLC",Healthcare
EMP_1530,Baker and Sons LLC,Construction
EMP_1531,"Jones, Scott and Rodriguez LLC",Finance
EMP_1532,Williams Group LLC,Tech
EMP_1533,"Barnes, Jackson and Gutierrez LLC",Healthcare
EMP_1534,Bell-Bennett LLC,Retail
EMP_1535,Kramer-Lane LLC,Retail
EMP_1536,"Perez, Hayes and Lloyd LLC",Healthcare
EMP_1537,Phillips LLC LLC,Finance
EMP_1538,Lynn-Jones LLC,Finance
EMP_1539,Barron and Sons LLC,Education
EMP_1540,"Jones, Mcmahon and Spence LLC",Retail
EMP_1541,Wheeler-Austin LLC,Education
EMP_1542,Bush-Reynolds LLC,Retail
EMP_1543,"Martin, Preston and Moore LLC",Tech
EMP_1544,Rivera and Sons LLC,Tech
EMP_1545,Terry-Bowen LLC,Construction
EMP_1546,"Fernandez, Guerrero and Evans LLC",Education
EMP_1547,Williams PLC LLC,Healthcare
EMP_1548,"Larsen, Hernandez and Ward LLC",Education
EMP_1549,Miller-Colon LLC,Healthcare
EMP_1550,"Greene, Gonzalez and Johnson LLC",Finance
EMP_1551,Little Inc LLC,Education
EMP_1552,Anthony-Parker LLC,Finance
EMP_1553,Ruiz-Jacobson LLC,Tech
EMP_1554,Davis-Stephens LLC,Tech
EMP_1555,Watson Group LLC,Construction
EMP_1556,Lopez-Williams LLC,Education
EMP_1557,Marshall-Perez LLC,Finance
EMP_1558,Elliott-Hernandez LLC,Healthcare
EMP_1559,"Contreras, Miller and Cooper LLC",Tech
EMP_1560,"Gutierrez, Avila and Perez LLC",Tech
EMP_1561,Randall PLC LLC,Healthcare
EMP_1562,Sheppard-Mcdaniel LLC,Finance
EMP_1563,Armstrong-Young LLC,Finance
EMP_1564,Miller-Orr LLC,Education
EMP_1565,"Johnson, Duncan and Black LLC",Education
EMP_1566,"Byrd, Oliver and Martinez LLC",Retail
EMP_1567,Thompson-Joyce LLC,Retail
EMP_1568,Stokes and Sons LLC,Construction
EMP_1569,Henderson Ltd LLC,Tech
EMP_1570,Harris-Carson LLC,Education
EMP_1571,Flowers LLC LLC,Finance
EMP_1572,Bartlett-Sloan LLC,Healthcare
EMP_1573,Miller PLC LLC,Finance
EMP_1574,Arnold-Gates LLC,Tech
EMP_1575,"Ellis, Marks and Buchanan LLC",Retail
EMP_1576,"Matthews, Harrington and Rodriguez LLC",Finance
EMP_1577,Hernandez PLC LLC,Construction
EMP_1578,"Chang, Ayers and Buckley LLC",Tech
EMP_1579,"Chan, Floyd and Dillon LLC",Retail
EMP_1580,Humphrey-Baker LLC,Healthcare
EMP_1581,"Washington, Lynch and Johnson LLC",Retail
EMP_1582,Powell-Montgomery LLC,Construction
EMP_1583,"Steele, Williams and Preston LLC",Tech
EMP_1584,Vaughn-Williams LLC,Healthcare
EMP_1585,Mccall-Prince LLC,Construction
EMP_1586,Morgan LLC LLC,Retail
EMP_1587,Ramirez-Vasquez LLC,Construction
EMP_1588,"Cohen, Compton and Perez LLC",Tech
EMP_1589,Mccann-Ramos LLC,Education
EMP_1590,Adams-Butler LLC,Construction
EMP_1591,"Davis, Alexander and Mcintyre LLC",Construction
EMP_1592,Figueroa-Malone LLC,Retail
EMP_1593,Nicholson-Robertson LLC,Retail
EMP_1594,Jones Ltd LLC,Healthcare
EMP_1595,"Powell, Deleon and Warren LLC",Retail
EMP_1596,"Johnson, Lee and Whitaker LLC",Finance
EMP_1597,Wright Group LLC,Tech
EMP_1598,Hull Ltd LLC,Tech
EMP_1599,Hill Group LLC,Education
EMP_1600,"Sanders, Leblanc and Maldonado LLC",Education
EMP_1601,Watson PLC LLC,Tech
EMP_1602,Thompson-Harrell LLC,Education
EMP_1603,"Arnold, Cooper and Monroe LLC",Healthcare
EMP_1604,Curry-Barker LLC,Retail
EMP_1605,Johnson-Williams LLC,Tech
EMP_1606,"Chan, Lewis and Walker LLC",Education
EMP_1607,Byrd LLC LLC,Tech
EMP_1608,"Ortiz, Smith and Deleon LLC",Finance
EMP_1609,"Smith, Buck and Holland LLC",Construction
EMP_1610,"Owen, Walker and Franklin LLC",Retail
EMP_1611,Marquez-Fletcher LLC,Tech
EMP_1612,Coleman-Bennett LLC,Construction
EMP_1613,Stevens-Robinson LLC,Education
EMP_1614,Byrd-Holloway LLC,Construction
EMP_1615,Silva-Smith LLC,Retail
EMP_1616,"Levy, Franco and Hoffman LLC",Tech
EMP_1617,"Lynch, Evans and Rodriguez LLC",Finance
EMP_1618,Rogers LLC LLC,Education
EMP_1619,"Nguyen, Hill and Douglas LLC",Tech
EMP_1620,"Evans, Hernandez and Cannon LLC",Retail
EMP_1621,Trujillo PLC LLC,Education
EMP_1622,Guerrero-Becker LLC,Healthcare
EMP_1623,"Johnson, Jimenez and Phillips LLC",Construction
EMP_1624,Sullivan-Doyle LLC,Retail
EMP_1625,"Erickson, Armstrong and Lee LLC",Healthcare
EMP_1626,"Reeves, Parks and Little LLC",Tech
EMP_1627,Knox-Powers LLC,Finance
EMP_1628,"Evans, Jackson and Sandoval LLC",Education
EMP_1629,"White, Davis and Anderson LLC",Construction
EMP_1630,Hardy-Hansen LLC,Education
EMP_1631,Arroyo LLC LLC,Tech
EMP_1632,"Davis, Kelly and Garner LLC",Education
EMP_1633,Fisher-Eaton LLC,Construction
EMP_1634,Green-Carter LLC,Tech
EMP_1635,Ruiz Ltd LLC,Education
EMP_1636,"Carpenter, Oliver and Kennedy LLC",Finance
EMP_1637,Mason Ltd LLC,Retail
EMP_1638,Moreno-Gutierrez LLC,Tech
EMP_1639,Taylor and Sons LLC,Retail
EMP_1640,Ortiz-Hudson LLC,Tech
EMP_1641,Thomas-Huffman LLC,Finance
EMP_1642,Maxwell Group LLC,Retail
EMP_1643,Welch-Thompson LLC,Healthcare
EMP_1644,"Brown, Hayes and Clark LLC",Construction
EMP_1645,Johnston and Sons LLC,Healthcare
EMP_1646,Glover-Chan LLC,Education
EMP_1647,Mendez Ltd LLC,Finance
EMP_1648,Powell-Sanford LLC,Healthcare
EMP_1649,Smith-Ferguson LLC,Tech
EMP_1650,"Watson, Smith and Morris LLC",Education
EMP_1651,"Lee, Rhodes and Sims LLC",Education
EMP_1652,Perez LLC LLC,Healthcare
EMP_1653,Anderson-Reyes LLC,Healthcare
EMP_1654,"Torres, Brown and Williams LLC",Finance
EMP_1655,Bryant-Meyer LLC,Construction
EMP_1656,"Morgan, Barron and Cowan LLC",Healthcare
EMP_1657,Ferrell-Henry LLC,Healthcare
EMP_1658,Martin Group LLC,Retail
EMP_1659,Perez Ltd LLC,Tech
EMP_1660,Clark Inc LLC,Retail
EMP_1661,"Wagner, Martinez and Dawson LLC",Retail
EMP_1662,Brooks Ltd LLC,Education
EMP_1663,Wise-Dean LLC,Construction
EMP_1664,"Vang, Stanley and Valdez LLC",Tech
EMP_1665,Williams Inc LLC,Finance
EMP_1666,Wallace-Martinez LLC,Finance
EMP_1667,Wells-Hernandez LLC,Healthcare
EMP_1668,"Jennings, Smith and Fisher LLC",Healthcare
EMP_1669,Bates LLC LLC,Finance
EMP_1670,"Obrien, Taylor and Rivas LLC",Healthcare
EMP_1671,Hunt PLC LLC,Construction
EMP_1672,Campbell Inc LLC,Retail
EMP_1673,Gonzalez-Gonzalez LLC,Healthcare
EMP_1674,Decker-Dudley LLC,Education
EMP_1675,Warner-Phillips LLC,Healthcare
EMP_1676,Kelley and Sons LLC,Tech
EMP_1677,"Fitzpatrick, Rivera and Smith LLC",Construction
EMP_1678,"Davis, Rodriguez and Andrews LLC",Tech
EMP_1679,Hernandez-Davis LLC,Tech
EMP_1680,"Jones, Cummings and Conway LLC",Education
EMP_1681,"Hall, Hinton and Phillips LLC",Construction
EMP_1682,Williams-Li LLC,Construction
EMP_1683,Phelps LLC LLC,Construction
EMP_1684,"Edwards, Rodgers and Davis LLC",Construction
EMP_1685,Smith and Sons LLC,Construction
EMP_1686,"Holland, Murphy and Kline LLC",Education
EMP_1687,"Adams, Quinn and Watson LLC",Healthcare
EMP_1688,White-Morales LLC,Tech
EMP_1689,Nelson-Cruz LLC,Construction
EMP_1690,Marsh-Banks LLC,Healthcare
EMP_1691,Wilson Ltd LLC,Healthcare
EMP_1692,"Brown, Dunlap and Moore LLC",Tech
EMP_1693,Pruitt-Webb LLC,Education
EMP_1694,"Gregory, White and James LLC",Finance
EMP_1695,Carr-Huffman LLC,Finance
EMP_1696,"Mcpherson, Anderson and Knapp LLC",Healthcare
EMP_1697,Clay Group LLC,Retail
EMP_1698,Brown Ltd LLC,Retail
EMP_1699,Smith-Oneill LLC,Tech
EMP_1700,"Saunders, Ray and Cunningham LLC",Finance
EMP_1701,"Marks, Stone and Watts LLC",Healthcare
EMP_1702,"Davis, Stanley and Wright LLC",Education
EMP_1703,Alvarado-Davidson LLC,Finance
EMP_1704,Combs PLC LLC,Healthcare
EMP_1705,"Brown, Schneider and Moore LLC",Healthcare
EMP_1706,Christian-Booth LLC,Construction
EMP_1707,Walton LLC LLC,Education
EMP_1708,Rivera LLC LLC,Construction
EMP_1709,Hunter PLC LLC,Tech
EMP_1710,"Gray, Montoya and Miller LLC",Construction
EMP_1711,Solis-West LLC,Construction
EMP_1712,West-Wilson LLC,Finance
EMP_1713,Mcgee-Smith LLC,Retail
EMP_1714,Gutierrez-Hawkins LLC,Healthcare
EMP_1715,Petersen PLC LLC,Education
EMP_1716,"Walsh, Wu and Hart LLC",Construction
EMP_1717,"Powers, Clements and Cox LLC",Education
EMP_1718,Velasquez Group LLC,Retail
EMP_1719,Castro-Harvey LLC,Retail
EMP_1720,Moran-Cox LLC,Construction
EMP_1721,Wilson-Malone LLC,Tech
EMP_1722,Smith LLC LLC,Construction
EMP_1723,"Brandt, Carter and Boyd LLC",Finance
EMP_1724,"Rodriguez, Prince and Vasquez LLC",Healthcare
EMP_1725,"Newton, Ortiz and King LLC",Tech
EMP_1726,Lopez Group LLC,Construction
EMP_1727,Bryant and Sons LLC,Education
EMP_1728,"Morgan, Sherman and Williams LLC",Tech
EMP_1729,"Monroe, Chapman and Barton LLC",Tech
EMP_1730,Ellis-Lawrence LLC,Construction
EMP_1731,"Taylor, Porter and Moreno LLC",Tech
EMP_1732,Tran Group LLC,Education
EMP_1733,"Webb, Romero and Morse LLC",Retail
EMP_1734,Holt and Sons LLC,Tech
EMP_1735,"Ochoa, Garcia and Sandoval LLC",Retail
EMP_1736,"Andrade, Gordon and Cruz LLC",Education
EMP_1737,"Moon, Farmer and Hill LLC",Construction
EMP_1738,Waller-Chavez LLC,Healthcare
EMP_1739,Taylor PLC LLC,Tech
EMP_1740,"Tanner, Hunt and Cameron LLC",Healthcare
EMP_1741,"Valencia, Joseph and Walls LLC",Education
EMP_1742,"Robinson, Clark and Klein LLC",Tech
EMP_1743,"Reed, Chambers and Zavala LLC",Retail
EMP_1744,"Hester, Thompson and Daniels LLC",Finance
EMP_1745,"Morris, Wilson and Bell LLC",Healthcare
EMP_1746,Aguilar-Bender LLC,Tech
EMP_1747,"Butler, Adkins and Skinner LLC",Healthcare
EMP_1748,Rich-Henderson LLC,Tech
EMP_1749,Mills Inc LLC,Construction
EMP_1750,Thomas-Santiago LLC,Retail
EMP_1751,Adams and Sons LLC,Healthcare
EMP_1752,Vega-Thomas LLC,Finance
EMP_1753,Vaughn LLC LLC,Finance
EMP_1754,Molina Inc LLC,Education
EMP_1755,Cervantes-Garcia LLC,Tech
EMP_1756,"Stevenson, Hancock and Newton LLC",Healthcare
EMP_1757,"Price, Dixon and Robles LLC",Education
EMP_1758,"Roberts, Beck and House LLC",Healthcare
EMP_1759,Butler-French LLC,Tech
EMP_1760,"Edwards, Arnold and Smith LLC",Finance
EMP_1761,Harris-Melton LLC,Construction
EMP_1762,Greer-Pruitt LLC,Finance
EMP_1763,"Mckinney, Richardson and Chapman LLC",Education
EMP_1764,"Morrison, Parsons and Brandt LLC",Retail
EMP_1765,Cole-Lucero LLC,Construction
EMP_1766,Lopez and Sons LLC,Education
EMP_1767,"Palmer, Bennett and Patterson LLC",Tech
EMP_1768,"Baker, Martin and Singleton LLC",Construction
EMP_1769,Rivera Ltd LLC,Education
EMP_1770,Williams LLC LLC,Tech
EMP_1771,"Williams, Randolph and Gilbert LLC",Finance
EMP_1772,"Turner, Tyler and Pierce LLC",Retail
EMP_1773,Bowers LLC LLC,Tech
EMP_1774,"Robinson, White and Jones LLC",Healthcare
EMP_1775,"Moore, Daniels and Powell LLC",Tech
EMP_1776,Walker-Lewis LLC,Tech
EMP_1777,Rivera-Carter LLC,Retail
EMP_1778,"Moreno, Barajas and Colon LLC",Healthcare
EMP_1779,"Smith, Caldwell and Griffin LLC",Education
EMP_1780,"Austin, Oliver and Haley LLC",Education
EMP_1781,"Blackwell, James and Hogan LLC",Tech
EMP_1782,Cruz PLC LLC,Healthcare
EMP_1783,"Campbell, Pruitt and Short LLC",Healthcare
EMP_1784,Robertson-Hicks LLC,Retail
EMP_1785,Williams-Villanueva LLC,Finance
EMP_1786,Flores Inc LLC,Education
EMP_1787,Jackson PLC LLC,Retail
EMP_1788,"Smith, Jones and Santiago LLC",Construction
EMP_1789,Hancock Group LLC,Education
EMP_1790,Harris Ltd LLC,Retail
EMP_1791,"Rowe, Lucas and Case LLC",Education
EMP_1792,"Parks, Johnson and Love LLC",Finance
EMP_1793,Miller Inc LLC,Construction
EMP_1794,Bauer PLC LLC,Finance
EMP_1795,Andrews and Sons LLC,Construction
EMP_1796,Russell-Hayes LLC,Tech
EMP_1797,Hamilton-Smith LLC,Retail
EMP_1798,"Wilson, Smith and Cortez LLC",Construction
EMP_1799,Avila PLC LLC,Finance
EMP_1800,Haynes Inc LLC,Education
EMP_1801,Reilly-Rodriguez LLC,Construction
EMP_1802,"Turner, Miller and Hubbard LLC",Retail
EMP_1803,James-Short LLC,Construction
EMP_1804,Wells PLC LLC,Healthcare
EMP_1805,Taylor Group LLC,Education
EMP_1806,"Phillips, Walters and Evans LLC",Retail
EMP_1807,"Wong, Bernard and Smith LLC",Retail
EMP_1808,"Thomas, Williams and Armstrong LLC",Tech
EMP_1809,Medina-Arroyo LLC,Finance
EMP_1810,Clark-Figueroa LLC,Tech
EMP_1811,"Cooper, Gutierrez and Brewer LLC",Retail
EMP_1812,"Thomas, White and Jensen LLC",Education
EMP_1813,Lee-White LLC,Construction
EMP_1814,"Phelps, York and Randolph LLC",Construction
EMP_1815,"Murray, Dunn and Roberts LLC",Education
EMP_1816,King and Sons LLC,Retail
EMP_1817,"Carpenter, Lynn and Howard LLC",Construction
EMP_1818,"Rios, Garcia and Harvey LLC",Construction
EMP_1819,Stewart Group LLC,Construction
EMP_1820,Jensen-Torres LLC,Finance
EMP_1821,"Hernandez, Knight and Aguirre LLC",Finance
EMP_1822,Jackson-Edwards LLC,Healthcare
EMP_1823,Joseph Ltd LLC,Tech
EMP_1824,Hill-Ward LLC,Education
EMP_1825,"Quinn, Humphrey and Ford LLC",Education
EMP_1826,Hampton-Tucker LLC,Education
EMP_1827,Thompson PLC LLC,Healthcare
EMP_1828,Wilkinson and Sons LLC,Finance
EMP_1829,"Gonzalez, Gross and Sims LLC",Retail
EMP_1830,"Jones, Smith and Hunter LLC",Retail
EMP_1831,Hess PLC LLC,Healthcare
EMP_1832,Hammond-Lewis LLC,Retail
EMP_1833,Arnold PLC LLC,Education
EMP_1834,"Kennedy, Rowe and Diaz LLC",Tech
EMP_1835,Vance PLC LLC,Construction
EMP_1836,"Vincent, Anderson and Mason LLC",Finance
EMP_1837,Sanders PLC LLC,Finance
EMP_1838,Bates PLC LLC,Healthcare
EMP_1839,"Martin, Palmer and Griffin LLC",Finance
EMP_1840,Knight PLC LLC,Education
EMP_1841,"Brennan, Thomas and Dennis LLC",Retail
EMP_1842,Williams-Juarez LLC,Education
EMP_1843,Brown LLC LLC,Healthcare
EMP_1844,Williams and Sons LLC,Education
EMP_1845,"Velez, Ward and Harrison LLC",Retail
EMP_1846,Keith-Williams LLC,Tech
EMP_1847,"Nguyen, Padilla and Boyd LLC",Healthcare
EMP_1848,Davenport-Baker LLC,Tech
EMP_1849,"Hudson, Bennett and Gray LLC",Construction
EMP_1850,"Valdez, Houston and Black LLC",Tech
EMP_1851,Kaufman-Walker LLC,Construction
EMP_1852,Gomez-Parrish LLC,Construction
EMP_1853,Sparks-Eaton LLC,Tech
EMP_1854,Shaw and Sons LLC,Healthcare
EMP_1855,Martin-Jones LLC,Retail
EMP_1856,"Campbell, Hernandez and Moore LLC",Education
EMP_1857,"Love, Wilson and Hall LLC",Education
EMP_1858,Cortez-Olson LLC,Retail
EMP_1859,Mendoza-Garza LLC,Construction
EMP_1860,"Whitaker, Johnson and Williams LLC",Construction
EMP_1861,"Vargas, Taylor and Hunt LLC",Healthcare
EMP_1862,"Thomas, Jackson and Nielsen LLC",Finance
EMP_1863,"Mullen, Greene and Elliott LLC",Tech
EMP_1864,Johns Ltd LLC,Construction
EMP_1865,"Nicholson, Valentine and Robinson LLC",Education
EMP_1866,"Haney, Dillon and Jackson LLC",Healthcare
EMP_1867,Burke-Norton LLC,Tech
EMP_1868,Hanson PLC LLC,Healthcare
EMP_1869,Jackson-Jennings LLC,Tech
EMP_1870,Carlson-Jones LLC,Tech
EMP_1871,Cruz-Rodriguez LLC,Retail
EMP_1872,Mills PLC LLC,Construction
EMP_1873,"Barnes, Hernandez and Davis LLC",Healthcare
EMP_1874,Valenzuela-Greene LLC,Healthcare
EMP_1875,"Gordon, Wilson and Olson LLC",Retail
EMP_1876,Winters PLC LLC,Education
EMP_1877,Prince Ltd LLC,Education
EMP_1878,"Reynolds, Fisher and Golden LLC",Construction
EMP_1879,"Moreno, Perez and Lang LLC",Construction
EMP_1880,Bell-Ballard LLC,Finance
EMP_1881,"Johnston, Coleman and Scott LLC",Retail
EMP_1882,Kent Inc LLC,Education
EMP_1883,George-Stephens LLC,Tech
EMP_1884,Lopez-Fletcher LLC,Healthcare
EMP_1885,Lane Inc LLC,Construction
EMP_1886,"Smith, Pena and Watts LLC",Healthcare
EMP_1887,Ortiz-Rodriguez LLC,Healthcare
EMP_1888,Pearson-King LLC,Finance
EMP_1889,"Henderson, Diaz and Hill LLC",Education
EMP_1890,"Sanders, Harris and Arnold LLC",Construction
EMP_1891,"Olson, Wood and Peters LLC",Healthcare
EMP_1892,Hinton-Lane LLC,Construction
EMP_1893,"Sanders, Taylor and Shields LLC",Tech
EMP_1894,Adkins Group LLC,Finance
EMP_1895,"Avery, Garcia and Romero LLC",Tech
EMP_1896,Owen-Mendez LLC,Construction
EMP_1897,"Mann, Martin and Oconnell LLC",Construction
EMP_1898,Brock and Sons LLC,Education
EMP_1899,Frost-Graham LLC,Healthcare
EMP_1900,Baker LLC LLC,Healthcare
EMP_1901,Lynch Ltd LLC,Tech
EMP_1902,Arias-Morales LLC,Finance
EMP_1903,"Meyer, Dawson and Harper LLC",Retail
EMP_1904,Bowman Group LLC,Healthcare
EMP_1905,Harris Ltd LLC,Education
EMP_1906,"Mitchell, Johnson and Greene LLC",Tech
EMP_1907,"Hale, Gilbert and Craig LLC",Tech
EMP_1908,Allen-Smith LLC,Retail
EMP_1909,Miller LLC LLC,Education
EMP_1910,Gomez-Foster LLC,Finance
EMP_1911,"Gonzalez, Smith and Padilla LLC",Education
EMP_1912,Dunn Ltd LLC,Finance
EMP_1913,"Herman, Bailey and Richmond LLC",Education
EMP_1914,Perez-Mccarty LLC,Education
EMP_1915,Spears-Andrews LLC,Construction
EMP_1916,Thompson-Hunter LLC,Tech
EMP_1917,"Jones, Phillips and Arroyo LLC",Education
EMP_1918,"Frye, Walter and Li LLC",Retail
EMP_1919,"Wright, Ramos and Bennett LLC",Education
EMP_1920,Carrillo-Todd LLC,Healthcare
EMP_1921,Maldonado-Mosley LLC,Tech
EMP_1922,Olson LLC LLC,Healthcare
EMP_1923,Reyes and Sons LLC,Tech
EMP_1924,"Haynes, Mcbride and Gutierrez LLC",Healthcare
EMP_1925,Black-Smith LLC,Education
EMP_1926,Wright-Davis LLC,Education
EMP_1927,"Goodman, Peterson and Spencer LLC",Construction
EMP_1928,Woods LLC LLC,Retail
EMP_1929,Shannon LLC LLC,Healthcare
EMP_1930,Valentine Ltd LLC,Finance
EMP_1931,Porter and Sons LLC,Construction
EMP_1932,Moss LLC LLC,Healthcare
EMP_1933,Perez and Sons LLC,Healthcare
EMP_1934,"Kelly, Maxwell and Wilson LLC",Construction
EMP_1935,Lowe Ltd LLC,Education
EMP_1936,Austin-Duran LLC,Healthcare
EMP_1937,"Rubio, Charles and Watson LLC",Education
EMP_1938,Vasquez-Galloway LLC,Construction
EMP_1939,"Melton, Henry and Joyce LLC",Education
EMP_1940,"Ramirez, Walker and Ray LLC",Tech
EMP_1941,Fox Group LLC,Finance
EMP_1942,Ayers-Johnson LLC,Healthcare
EMP_1943,Long-Parks LLC,Retail
EMP_1944,Bryant Inc LLC,Finance
EMP_1945,"Holmes, Stewart and Smith LLC",Education
EMP_1946,"Clark, Carpenter and Nguyen LLC",Healthcare
EMP_1947,"Hensley, Lopez and Baker LLC",Education
EMP_1948,Ruiz-Austin LLC,Tech
EMP_1949,White-Coleman LLC,Construction
EMP_1950,Haynes-Watson LLC,Healthcare
EMP_1951,Ramirez-White LLC,Tech
EMP_1952,Krause Ltd LLC,Tech
EMP_1953,Olsen Ltd LLC,Healthcare
EMP_1954,Brock-Peters LLC,Education
EMP_1955,Gonzalez-Marsh LLC,Retail
EMP_1956,"Hernandez, Shaffer and Thompson LLC",Tech
EMP_1957,Taylor-Barry LLC,Finance
EMP_1958,"Holmes, Le and Floyd LLC",Tech
EMP_1959,King-Garrison LLC,Retail
EMP_1960,Ross Ltd LLC,Education
EMP_1961,Brown LLC LLC,Education
EMP_1962,Combs-Davis LLC,Finance
EMP_1963,"Cook, Ward and Castro LLC",Tech
EMP_1964,Cooper-Jenkins LLC,Education
EMP_1965,Dillon-Mccarty LLC,Retail
EMP_1966,Ray Ltd LLC,Healthcare
EMP_1967,"Ryan, Krause and Mitchell LLC",Construction
EMP_1968,Nunez-Freeman LLC,Construction
EMP_1969,"Griffin, Miller and Austin LLC",Construction
EMP_1970,Welch-Thomas LLC,Tech
EMP_1971,Davidson LLC LLC,Finance
EMP_1972,Welch-Duncan LLC,Education
EMP_1973,Miller LLC LLC,Healthcare
EMP_1974,Edwards Ltd LLC,Retail
EMP_1975,Page-Jacobs LLC,Healthcare
EMP_1976,Nelson-Wallace LLC,Retail
EMP_1977,Adkins-Meyer LLC,Tech
EMP_1978,Gutierrez-White LLC,Construction
EMP_1979,Martinez and Sons LLC,Tech
EMP_1980,"King, Manning and Brady LLC",Finance
EMP_1981,Jackson Inc LLC,Finance
EMP_1982,Brown Group LLC,Retail
EMP_1983,"Brown, Wise and Warren LLC",Education
EMP_1984,Garcia PLC LLC,Education
EMP_1985,Miller Group LLC,Retail
EMP_1986,Perez-Rojas LLC,Finance
EMP_1987,Sims-Anderson LLC,Finance
EMP_1988,Johnson Ltd LLC,Finance
EMP_1989,Dalton-Nguyen LLC,Tech
EMP_1990,Mcdonald-Pitts LLC,Finance
EMP_1991,Dunn-Taylor LLC,Healthcare
EMP_1992,"Ryan, Garza and Bryant LLC",Construction
EMP_1993,"Fields, Elliott and Mills LLC",Finance
EMP_1994,"Ferguson, Stout and Olson LLC",Retail
EMP_1995,Ballard Group LLC,Construction
EMP_1996,Diaz-Green LLC,Tech
EMP_1997,Smith-Mills LLC,Retail
EMP_1998,Cooper Group LLC,Construction
EMP_1999,"Smith, Weeks and Arroyo LLC",Retail
