customer_id,alert_type,severity,status,suppression_reason,window_start,total_amount,num_deposits,inflow_timestamp,inflow_amount,outflow_ratio,hop1_timestamp,hop1_amount,hop3_to_country
CUST_102615,Structuring (1-day),High,Active,,2023-03-11 14:00:00,92854.57,2.0,,,,,,
CUST_102615,Structuring (1-day),High,Active,,2023-03-12 13:00:00,87206.6,2.0,,,,,,
CUST_103058,Structuring (1-day),High,Active,,2023-05-29 15:00:00,72442.71,2.0,,,,,,
CUST_103265,Structuring (1-day),High,Active,,2023-03-06 12:00:00,62108.55,2.0,,,,,,
CUST_103265,Structuring (1-day),High,Active,,2023-03-08 14:00:00,68471.48,2.0,,,,,,
CUST_104045,Structuring (1-day),High,Active,,2023-09-20 14:00:00,84002.6,2.0,,,,,,
CUST_104103,Structuring (1-day),High,Active,,2023-10-20 14:00:00,107018.89,2.0,,,,,,
CUST_104241,Structuring (1-day),High,Active,,2023-06-16 11:00:00,73102.21,2.0,,,,,,
CUST_104241,Structuring (1-day),High,Active,,2023-06-18 14:00:00,85490.58,2.0,,,,,,
CUST_104371,Structuring (1-day),High,Active,,2023-09-29 14:00:00,90342.79,2.0,,,,,,
CUST_104371,Structuring (1-day),High,Active,,2023-10-01 14:00:00,81968.7,2.0,,,,,,
CUST_104521,Structuring (1-day),High,Active,,2023-03-28 11:00:00,89203.26,2.0,,,,,,
CUST_104521,Structuring (1-day),High,Active,,2023-03-31 15:00:00,79814.44,2.0,,,,,,
CUST_104521,Structuring (1-day),High,Active,,2023-04-01 14:00:00,77954.76,2.0,,,,,,
CUST_104690,Structuring (1-day),High,Active,,2023-05-25 11:00:00,94717.09,2.0,,,,,,
CUST_104690,Structuring (1-day),High,Active,,2023-05-26 10:00:00,93897.74,2.0,,,,,,
CUST_104690,Structuring (1-day),High,Active,,2023-05-28 15:00:00,76562.58,2.0,,,,,,
CUST_104768,Structuring (1-day),High,Active,,2023-08-22 14:00:00,92160.14,2.0,,,,,,
CUST_104768,Structuring (1-day),High,Active,,2023-08-24 11:00:00,82714.87,2.0,,,,,,
CUST_105739,Structuring (1-day),High,Active,,2023-05-06 12:00:00,95648.17,2.0,,,,,,
CUST_106400,Structuring (1-day),High,Active,,2023-05-24 15:00:00,78179.11,2.0,,,,,,
CUST_106400,Structuring (1-day),High,Active,,2023-05-25 14:00:00,79283.69,2.0,,,,,,
CUST_109004,Structuring (1-day),High,Active,,2023-01-25 14:00:00,98093.46,2.0,,,,,,
CUST_109004,Structuring (1-day),High,Active,,2023-01-28 15:00:00,79426.67,2.0,,,,,,
CUST_109004,Structuring (1-day),High,Active,,2023-01-29 13:00:00,90776.34,2.0,,,,,,
CUST_109313,Structuring (1-day),High,Active,,2023-10-03 12:00:00,98382.02,2.0,,,,,,
CUST_109985,Structuring (1-day),High,Active,,2023-06-17 15:00:00,76996.76,2.0,,,,,,
CUST_109985,Structuring (1-day),High,Active,,2023-06-19 15:00:00,83519.19,2.0,,,,,,
CUST_100239,Structuring (7-day),Medium,Active,,2023-06-29 13:00:00,53956.69,4.0,,,,,,
CUST_100302,Structuring (7-day),Medium,Active,,2023-08-30 10:00:00,68829.41,4.0,,,,,,
CUST_100302,Structuring (7-day),Medium,Active,,2023-08-31 14:00:00,50992.23,3.0,,,,,,
CUST_100330,Structuring (7-day),Medium,Active,,2023-07-29 10:00:00,53355.73,4.0,,,,,,
CUST_100603,Structuring (7-day),Medium,Active,,2023-06-14 10:00:00,77252.29,4.0,,,,,,
CUST_100603,Structuring (7-day),Medium,Active,,2023-06-15 12:00:00,58441.03,3.0,,,,,,
CUST_100694,Structuring (7-day),Medium,Active,,2023-07-25 13:00:00,59426.52,5.0,,,,,,
CUST_100827,Structuring (7-day),Medium,Active,,2023-03-30 12:00:00,56191.75,4.0,,,,,,
CUST_100827,Structuring (7-day),Medium,Active,,2023-06-25 10:00:00,67377.06,5.0,,,,,,
CUST_100827,Structuring (7-day),Medium,Active,,2023-06-26 12:00:00,53656.5,4.0,,,,,,
CUST_100847,Structuring (7-day),Medium,Active,,2023-05-19 12:00:00,52539.28,5.0,,,,,,
CUST_100850,Structuring (7-day),Medium,Active,,2023-04-04 09:00:00,78028.51,4.0,,,,,,
CUST_100850,Structuring (7-day),Medium,Active,,2023-04-05 14:00:00,58226.84,3.0,,,,,,
CUST_100961,Structuring (7-day),Medium,Active,,2023-04-29 12:00:00,131404.6,3.0,,,,,,
CUST_100961,Structuring (7-day),Medium,Active,,2023-05-01 13:00:00,87077.86,2.0,,,,,,
CUST_100965,Structuring (7-day),Medium,Active,,2023-10-22 11:00:00,58262.32,6.0,,,,,,
CUST_101031,Structuring (7-day),Medium,Active,,2023-03-10 11:00:00,55297.52,5.0,,,,,,
CUST_101154,Structuring (7-day),Medium,Active,,2023-02-14 10:00:00,59707.9,4.0,,,,,,
CUST_101257,Structuring (7-day),Medium,Active,,2023-07-10 09:00:00,72943.95,5.0,,,,,,
CUST_101257,Structuring (7-day),Medium,Active,,2023-07-11 10:00:00,57026.36,4.0,,,,,,
CUST_101362,Structuring (7-day),Medium,Active,,2023-01-23 15:00:00,72435.88,5.0,,,,,,
CUST_101362,Structuring (7-day),Medium,Active,,2023-01-24 11:00:00,57197.87,4.0,,,,,,
CUST_101375,Structuring (7-day),Medium,Active,,2023-07-12 09:00:00,76175.55,4.0,,,,,,
CUST_101375,Structuring (7-day),Medium,Active,,2023-07-13 09:00:00,54482.22,3.0,,,,,,
CUST_101378,Structuring (7-day),Medium,Active,,2023-06-24 12:00:00,75710.07,5.0,,,,,,
CUST_101378,Structuring (7-day),Medium,Active,,2023-06-25 11:00:00,61592.25,4.0,,,,,,
CUST_101504,Structuring (7-day),Medium,Active,,2023-05-07 12:00:00,63516.44,5.0,,,,,,
CUST_101504,Structuring (7-day),Medium,Active,,2023-05-08 10:00:00,52072.64,4.0,,,,,,
CUST_101539,Structuring (7-day),Medium,Active,,2023-04-19 12:00:00,56308.46,4.0,,,,,,
CUST_101640,Structuring (7-day),Medium,Active,,2023-09-01 10:00:00,58102.15,4.0,,,,,,
CUST_101643,Structuring (7-day),Medium,Active,,2023-09-06 10:00:00,71066.37,5.0,,,,,,
CUST_101643,Structuring (7-day),Medium,Active,,2023-09-07 11:00:00,55657.24,4.0,,,,,,
CUST_101696,Structuring (7-day),Medium,Active,,2023-04-20 15:00:00,58251.37,4.0,,,,,,
CUST_101775,Structuring (7-day),Medium,Active,,2023-09-27 10:00:00,62151.29,5.0,,,,,,
CUST_101789,Structuring (7-day),Medium,Active,,2023-09-30 10:00:00,71878.67,4.0,,,,,,
CUST_101789,Structuring (7-day),Medium,Active,,2023-10-01 14:00:00,52303.79,3.0,,,,,,
CUST_101805,Structuring (7-day),Medium,Active,,2023-07-05 13:00:00,54547.73,4.0,,,,,,
CUST_101819,Structuring (7-day),Medium,Active,,2023-10-17 15:00:00,71001.04,6.0,,,,,,
CUST_101819,Structuring (7-day),Medium,Active,,2023-10-18 15:00:00,60997.63,5.0,,,,,,
CUST_102038,Structuring (7-day),Medium,Active,,2023-06-21 15:00:00,70368.2,6.0,,,,,,
CUST_102038,Structuring (7-day),Medium,Active,,2023-06-22 10:00:00,59761.3,5.0,,,,,,
CUST_102074,Structuring (7-day),Medium,Active,,2023-02-25 15:00:00,69416.6,5.0,,,,,,
CUST_102074,Structuring (7-day),Medium,Active,,2023-02-26 13:00:00,56927.95,4.0,,,,,,
CUST_102228,Structuring (7-day),Medium,Active,,2023-06-16 11:00:00,55547.0,6.0,,,,,,
CUST_102258,Structuring (7-day),Medium,Active,,2023-09-07 09:00:00,69625.68,5.0,,,,,,
CUST_102258,Structuring (7-day),Medium,Active,,2023-09-08 14:00:00,57536.31,4.0,,,,,,
CUST_102286,Structuring (7-day),Medium,Active,,2023-08-04 12:00:00,62804.12,4.0,,,,,,
CUST_102289,Structuring (7-day),Medium,Active,,2023-06-30 13:00:00,55912.54,5.0,,,,,,
CUST_102320,Structuring (7-day),Medium,Active,,2023-04-25 09:00:00,60677.68,5.0,,,,,,
CUST_102439,Structuring (7-day),Medium,Active,,2023-02-09 13:00:00,50307.36,6.0,,,,,,
CUST_102461,Structuring (7-day),Medium,Active,,2023-02-02 11:00:00,56042.45,4.0,,,,,,
CUST_102486,Structuring (7-day),Medium,Active,,2023-05-18 15:00:00,52404.24,5.0,,,,,,
CUST_102615,Structuring (7-day),Medium,Active,,2023-03-11 14:00:00,134218.97,3.0,,,,,,
CUST_102615,Structuring (7-day),Medium,Active,,2023-03-12 13:00:00,87206.6,2.0,,,,,,
CUST_102753,Structuring (7-day),Medium,Active,,2023-10-04 13:00:00,66991.82,6.0,,,,,,
CUST_102753,Structuring (7-day),Medium,Active,,2023-10-05 13:00:00,57939.55,5.0,,,,,,
CUST_102835,Structuring (7-day),Medium,Active,,2023-05-30 14:00:00,70410.75,6.0,,,,,,
CUST_102835,Structuring (7-day),Medium,Active,,2023-05-31 14:00:00,55919.39,5.0,,,,,,
CUST_102880,Structuring (7-day),Medium,Active,,2023-03-28 15:00:00,72091.21,4.0,,,,,,
CUST_102880,Structuring (7-day),Medium,Active,,2023-03-29 10:00:00,54652.58,3.0,,,,,,
CUST_102916,Structuring (7-day),Medium,Active,,2023-02-20 15:00:00,73299.31,5.0,,,,,,
CUST_102916,Structuring (7-day),Medium,Active,,2023-02-21 09:00:00,59654.26,4.0,,,,,,
CUST_102943,Structuring (7-day),Medium,Active,,2023-09-17 09:00:00,56565.97,6.0,,,,,,
CUST_102974,Structuring (7-day),Medium,Active,,2023-02-20 11:00:00,145639.27,3.0,,,,,,
CUST_102974,Structuring (7-day),Medium,Active,,2023-02-22 12:00:00,98085.22,2.0,,,,,,
CUST_103052,Structuring (7-day),Medium,Active,,2023-06-19 09:00:00,70613.08,4.0,,,,,,
CUST_103058,Structuring (7-day),Medium,Active,,2023-05-26 12:00:00,194952.58,6.0,,,,,,
CUST_103058,Structuring (7-day),Medium,Active,,2023-05-27 15:00:00,165136.43,5.0,,,,,,
CUST_103058,Structuring (7-day),Medium,Active,,2023-05-28 15:00:00,134003.95,4.0,,,,,,
CUST_103058,Structuring (7-day),Medium,Active,,2023-05-29 15:00:00,104613.15,3.0,,,,,,
CUST_103058,Structuring (7-day),Medium,Active,,2023-05-30 12:00:00,66581.58,2.0,,,,,,
CUST_103119,Structuring (7-day),Medium,Active,,2023-09-06 11:00:00,59538.49,4.0,,,,,,
CUST_103157,Structuring (7-day),Medium,Active,,2023-02-17 15:00:00,68961.02,6.0,,,,,,
CUST_103157,Structuring (7-day),Medium,Active,,2023-02-18 12:00:00,58280.56,5.0,,,,,,
CUST_103175,Structuring (7-day),Medium,Active,,2023-03-16 12:00:00,70503.43,4.0,,,,,,
CUST_103175,Structuring (7-day),Medium,Active,,2023-03-17 14:00:00,53236.29,3.0,,,,,,
CUST_103189,Structuring (7-day),Medium,Active,,2023-08-20 13:00:00,64725.97,4.0,,,,,,
CUST_103265,Structuring (7-day),Medium,Active,,2023-03-05 12:00:00,190627.68,6.0,,,,,,
CUST_103265,Structuring (7-day),Medium,Active,,2023-03-06 12:00:00,159827.34,5.0,,,,,,
CUST_103265,Structuring (7-day),Medium,Active,,2023-03-07 09:00:00,126545.6,4.0,,,,,,
CUST_103265,Structuring (7-day),Medium,Active,,2023-03-08 14:00:00,97718.79,3.0,,,,,,
CUST_103265,Structuring (7-day),Medium,Active,,2023-03-09 09:00:00,60109.49,2.0,,,,,,
CUST_103296,Structuring (7-day),Medium,Active,,2023-09-22 12:00:00,67531.7,6.0,,,,,,
CUST_103296,Structuring (7-day),Medium,Active,,2023-09-23 14:00:00,55755.0,5.0,,,,,,
CUST_103351,Structuring (7-day),Medium,Active,,2023-08-31 10:00:00,67712.66,4.0,,,,,,
CUST_103418,Structuring (7-day),Medium,Active,,2023-07-09 10:00:00,66106.7,6.0,,,,,,
CUST_103418,Structuring (7-day),Medium,Active,,2023-07-10 12:00:00,56665.33,5.0,,,,,,
CUST_103727,Structuring (7-day),Medium,Active,,2023-08-25 10:00:00,60986.43,4.0,,,,,,
CUST_103813,Structuring (7-day),Medium,Active,,2023-04-03 11:00:00,64979.95,5.0,,,,,,
CUST_103845,Structuring (7-day),Medium,Active,,2023-09-07 12:00:00,63622.86,6.0,,,,,,
CUST_103845,Structuring (7-day),Medium,Active,,2023-09-08 14:00:00,52535.18,5.0,,,,,,
CUST_103875,Structuring (7-day),Medium,Active,,2023-07-26 09:00:00,69370.67,4.0,,,,,,
CUST_103916,Structuring (7-day),Medium,Active,,2023-05-22 09:00:00,59443.98,5.0,,,,,,
CUST_103954,Structuring (7-day),Medium,Active,,2023-06-05 14:00:00,68405.82,6.0,,,,,,
CUST_103954,Structuring (7-day),Medium,Active,,2023-06-06 09:00:00,55534.35,5.0,,,,,,
CUST_104045,Structuring (7-day),Medium,Active,,2023-09-19 11:00:00,242040.64,6.0,,,,,,
CUST_104045,Structuring (7-day),Medium,Active,,2023-09-20 14:00:00,206550.33,5.0,,,,,,
CUST_104045,Structuring (7-day),Medium,Active,,2023-09-21 09:00:00,165244.58,4.0,,,,,,
CUST_104045,Structuring (7-day),Medium,Active,,2023-09-22 10:00:00,122547.73,3.0,,,,,,
CUST_104045,Structuring (7-day),Medium,Active,,2023-09-23 11:00:00,75897.5,2.0,,,,,,
CUST_104103,Structuring (7-day),Medium,Active,,2023-10-19 12:00:00,157293.34,3.0,,,,,,
CUST_104103,Structuring (7-day),Medium,Active,,2023-10-20 14:00:00,107018.89,2.0,,,,,,
CUST_104234,Structuring (7-day),Medium,Active,,2023-05-26 10:00:00,63509.25,5.0,,,,,,
CUST_104241,Structuring (7-day),Medium,Active,,2023-06-14 09:00:00,230554.54,6.0,,,,,,
CUST_104241,Structuring (7-day),Medium,Active,,2023-06-15 09:00:00,195889.34,5.0,,,,,,
CUST_104241,Structuring (7-day),Medium,Active,,2023-06-16 11:00:00,158592.79,4.0,,,,,,
CUST_104241,Structuring (7-day),Medium,Active,,2023-06-17 09:00:00,125907.98,3.0,,,,,,
CUST_104241,Structuring (7-day),Medium,Active,,2023-06-18 14:00:00,85490.58,2.0,,,,,,
CUST_104354,Structuring (7-day),Medium,Active,,2023-02-01 10:00:00,64114.56,5.0,,,,,,
CUST_104354,Structuring (7-day),Medium,Active,,2023-02-02 14:00:00,51400.49,4.0,,,,,,
CUST_104371,Structuring (7-day),Medium,Active,,2023-09-29 14:00:00,261077.98,6.0,,,,,,
CUST_104371,Structuring (7-day),Medium,Active,,2023-09-30 09:00:00,221563.36,5.0,,,,,,
CUST_104371,Structuring (7-day),Medium,Active,,2023-10-01 14:00:00,170735.19,4.0,,,,,,
CUST_104371,Structuring (7-day),Medium,Active,,2023-10-02 13:00:00,132614.57,3.0,,,,,,
CUST_104371,Structuring (7-day),Medium,Active,,2023-10-03 13:00:00,88766.49,2.0,,,,,,
CUST_104521,Structuring (7-day),Medium,Active,,2023-03-28 11:00:00,236746.31,6.0,,,,,,
CUST_104521,Structuring (7-day),Medium,Active,,2023-03-29 10:00:00,191814.41,5.0,,,,,,
CUST_104521,Structuring (7-day),Medium,Active,,2023-03-30 14:00:00,147543.05,4.0,,,,,,
CUST_104521,Structuring (7-day),Medium,Active,,2023-03-31 15:00:00,115318.44,3.0,,,,,,
CUST_104521,Structuring (7-day),Medium,Active,,2023-04-01 14:00:00,77954.76,2.0,,,,,,
CUST_104612,Structuring (7-day),Medium,Active,,2023-09-14 15:00:00,66983.97,5.0,,,,,,
CUST_104612,Structuring (7-day),Medium,Active,,2023-09-15 12:00:00,51677.23,4.0,,,,,,
CUST_104667,Structuring (7-day),Medium,Active,,2023-10-01 09:00:00,69936.23,5.0,,,,,,
CUST_104667,Structuring (7-day),Medium,Active,,2023-10-02 12:00:00,56834.04,4.0,,,,,,
CUST_104688,Structuring (7-day),Medium,Active,,2023-09-27 11:00:00,69377.43,5.0,,,,,,
CUST_104688,Structuring (7-day),Medium,Active,,2023-09-28 12:00:00,57033.65,4.0,,,,,,
CUST_104690,Structuring (7-day),Medium,Active,,2023-05-25 11:00:00,215564.74,5.0,,,,,,
CUST_104690,Structuring (7-day),Medium,Active,,2023-05-26 10:00:00,170460.32,4.0,,,,,,
CUST_104690,Structuring (7-day),Medium,Active,,2023-05-27 09:00:00,120847.65,3.0,,,,,,
CUST_104690,Structuring (7-day),Medium,Active,,2023-05-28 15:00:00,76562.58,2.0,,,,,,
CUST_104742,Structuring (7-day),Medium,Active,,2023-04-14 14:00:00,59197.72,5.0,,,,,,
CUST_104768,Structuring (7-day),Medium,Active,,2023-08-20 11:00:00,266295.32,6.0,,,,,,
CUST_104768,Structuring (7-day),Medium,Active,,2023-08-21 14:00:00,219690.23,5.0,,,,,,
CUST_104768,Structuring (7-day),Medium,Active,,2023-08-22 14:00:00,174875.01,4.0,,,,,,
CUST_104768,Structuring (7-day),Medium,Active,,2023-08-23 10:00:00,126236.2,3.0,,,,,,
CUST_104768,Structuring (7-day),Medium,Active,,2023-08-24 11:00:00,82714.87,2.0,,,,,,
CUST_104794,Structuring (7-day),Medium,Active,,2023-05-12 11:00:00,66288.28,4.0,,,,,,
CUST_104809,Structuring (7-day),Medium,Active,,2023-01-30 14:00:00,60841.58,4.0,,,,,,
CUST_105056,Structuring (7-day),Medium,Active,,2023-01-13 13:00:00,78011.05,4.0,,,,,,
CUST_105056,Structuring (7-day),Medium,Active,,2023-01-14 14:00:00,57418.67,3.0,,,,,,
CUST_105065,Structuring (7-day),Medium,Active,,2023-08-01 13:00:00,54923.0,6.0,,,,,,
CUST_105145,Structuring (7-day),Medium,Active,,2023-09-05 14:00:00,62708.13,5.0,,,,,,
CUST_105284,Structuring (7-day),Medium,Active,,2023-10-08 10:00:00,52353.62,4.0,,,,,,
CUST_105289,Structuring (7-day),Medium,Active,,2023-05-07 12:00:00,56275.12,4.0,,,,,,
CUST_105306,Structuring (7-day),Medium,Active,,2023-06-09 09:00:00,52858.68,5.0,,,,,,
CUST_105415,Structuring (7-day),Medium,Active,,2023-04-23 12:00:00,75612.54,5.0,,,,,,
CUST_105415,Structuring (7-day),Medium,Active,,2023-04-24 09:00:00,58448.29,4.0,,,,,,
CUST_105533,Structuring (7-day),Medium,Active,,2023-05-09 15:00:00,60777.45,4.0,,,,,,
CUST_105577,Structuring (7-day),Medium,Active,,2023-10-03 13:00:00,76509.29,6.0,,,,,,
CUST_105577,Structuring (7-day),Medium,Active,,2023-10-04 14:00:00,62038.46,5.0,,,,,,
CUST_105577,Structuring (7-day),Medium,Active,,2023-10-05 13:00:00,50045.84,4.0,,,,,,
CUST_105677,Structuring (7-day),Medium,Active,,2023-03-03 12:00:00,66745.58,6.0,,,,,,
CUST_105677,Structuring (7-day),Medium,Active,,2023-03-04 14:00:00,57496.47,5.0,,,,,,
CUST_105697,Structuring (7-day),Medium,Active,,2023-04-18 13:00:00,57646.51,4.0,,,,,,
CUST_105739,Structuring (7-day),Medium,Active,,2023-05-06 12:00:00,198875.31,4.0,,,,,,
CUST_105739,Structuring (7-day),Medium,Active,,2023-05-07 10:00:00,148499.59,3.0,,,,,,
CUST_105739,Structuring (7-day),Medium,Active,,2023-05-08 12:00:00,103227.14,2.0,,,,,,
CUST_105964,Structuring (7-day),Medium,Active,,2023-02-27 12:00:00,64707.56,6.0,,,,,,
CUST_105964,Structuring (7-day),Medium,Active,,2023-02-28 15:00:00,53710.33,5.0,,,,,,
CUST_105982,Structuring (7-day),Medium,Active,,2023-04-30 15:00:00,69383.34,4.0,,,,,,
CUST_105982,Structuring (7-day),Medium,Active,,2023-05-01 10:00:00,54698.34,3.0,,,,,,
CUST_105988,Structuring (7-day),Medium,Active,,2023-03-30 15:00:00,56349.23,6.0,,,,,,
CUST_106096,Structuring (7-day),Medium,Active,,2023-09-26 12:00:00,54319.25,4.0,,,,,,
CUST_106127,Structuring (7-day),Medium,Active,,2023-09-07 09:00:00,71612.35,5.0,,,,,,
CUST_106127,Structuring (7-day),Medium,Active,,2023-09-08 10:00:00,56236.99,4.0,,,,,,
CUST_106167,Structuring (7-day),Medium,Active,,2023-07-14 15:00:00,70116.45,6.0,,,,,,
CUST_106167,Structuring (7-day),Medium,Active,,2023-07-15 15:00:00,59275.89,5.0,,,,,,
CUST_106335,Structuring (7-day),Medium,Active,,2023-08-21 13:00:00,58290.08,6.0,,,,,,
CUST_106400,Structuring (7-day),Medium,Active,,2023-05-23 14:00:00,209771.62,5.0,,,,,,
CUST_106400,Structuring (7-day),Medium,Active,,2023-05-24 15:00:00,166040.44,4.0,,,,,,
CUST_106400,Structuring (7-day),Medium,Active,,2023-05-25 14:00:00,126832.87,3.0,,,,,,
CUST_106400,Structuring (7-day),Medium,Active,,2023-05-26 12:00:00,87861.33,2.0,,,,,,
CUST_106440,Structuring (7-day),Medium,Active,,2023-07-21 13:00:00,76753.9,4.0,,,,,,
CUST_106440,Structuring (7-day),Medium,Active,,2023-07-22 11:00:00,56987.11,3.0,,,,,,
CUST_106447,Structuring (7-day),Medium,Active,,2023-03-02 10:00:00,58103.8,4.0,,,,,,
CUST_106479,Structuring (7-day),Medium,Active,,2023-05-21 14:00:00,51907.57,5.0,,,,,,
CUST_106552,Structuring (7-day),Medium,Active,,2023-07-10 12:00:00,57905.32,6.0,,,,,,
CUST_106691,Structuring (7-day),Medium,Active,,2023-08-24 10:00:00,72148.33,6.0,,,,,,
CUST_106691,Structuring (7-day),Medium,Active,,2023-08-25 11:00:00,61916.11,5.0,,,,,,
CUST_106700,Structuring (7-day),Medium,Active,,2023-06-16 12:00:00,66642.72,4.0,,,,,,
CUST_106700,Structuring (7-day),Medium,Active,,2023-06-17 12:00:00,50980.57,3.0,,,,,,
CUST_106702,Structuring (7-day),Medium,Active,,2023-02-04 14:00:00,57119.01,5.0,,,,,,
CUST_106766,Structuring (7-day),Medium,Active,,2023-05-21 10:00:00,71696.28,4.0,,,,,,
CUST_106766,Structuring (7-day),Medium,Active,,2023-05-22 10:00:00,52559.87,3.0,,,,,,
CUST_106839,Structuring (7-day),Medium,Active,,2023-05-23 12:00:00,59028.99,5.0,,,,,,
CUST_106965,Structuring (7-day),Medium,Active,,2023-09-28 14:00:00,63743.38,6.0,,,,,,
CUST_106965,Structuring (7-day),Medium,Active,,2023-09-29 14:00:00,52672.01,5.0,,,,,,
CUST_107037,Structuring (7-day),Medium,Active,,2023-06-21 15:00:00,61246.6,4.0,,,,,,
CUST_107111,Structuring (7-day),Medium,Active,,2023-10-02 11:00:00,71968.57,5.0,,,,,,
CUST_107111,Structuring (7-day),Medium,Active,,2023-10-03 14:00:00,56452.44,4.0,,,,,,
CUST_107241,Structuring (7-day),Medium,Active,,2023-09-23 09:00:00,200395.14,6.0,,,,,,
CUST_107241,Structuring (7-day),Medium,Active,,2023-09-24 09:00:00,162432.84,5.0,,,,,,
CUST_107241,Structuring (7-day),Medium,Active,,2023-09-25 09:00:00,122324.88,4.0,,,,,,
CUST_107241,Structuring (7-day),Medium,Active,,2023-09-26 10:00:00,92924.79,3.0,,,,,,
CUST_107241,Structuring (7-day),Medium,Active,,2023-09-27 11:00:00,58195.9,2.0,,,,,,
CUST_107278,Structuring (7-day),Medium,Active,,2023-06-12 11:00:00,146764.06,3.0,,,,,,
CUST_107278,Structuring (7-day),Medium,Active,,2023-06-13 14:00:00,100260.08,2.0,,,,,,
CUST_107466,Structuring (7-day),Medium,Active,,2023-03-24 13:00:00,52457.39,4.0,,,,,,
CUST_107519,Structuring (7-day),Medium,Active,,2023-04-17 11:00:00,52479.24,4.0,,,,,,
CUST_107525,Structuring (7-day),Medium,Active,,2023-02-12 12:00:00,64906.66,4.0,,,,,,
CUST_107596,Structuring (7-day),Medium,Active,,2023-10-13 09:00:00,70593.68,5.0,,,,,,
CUST_107596,Structuring (7-day),Medium,Active,,2023-10-14 11:00:00,59134.74,4.0,,,,,,
CUST_107613,Structuring (7-day),Medium,Active,,2023-08-30 13:00:00,68294.74,5.0,,,,,,
CUST_107613,Structuring (7-day),Medium,Active,,2023-08-31 14:00:00,56663.97,4.0,,,,,,
CUST_107637,Structuring (7-day),Medium,Active,,2023-03-31 09:00:00,69843.91,4.0,,,,,,
CUST_107644,Structuring (7-day),Medium,Active,,2023-06-27 14:00:00,61281.47,5.0,,,,,,
CUST_107690,Structuring (7-day),Medium,Active,,2023-07-13 14:00:00,63261.37,5.0,,,,,,
CUST_107690,Structuring (7-day),Medium,Active,,2023-07-14 15:00:00,50911.61,4.0,,,,,,
CUST_107717,Structuring (7-day),Medium,Active,,2023-08-06 14:00:00,75074.52,4.0,,,,,,
CUST_107717,Structuring (7-day),Medium,Active,,2023-08-07 14:00:00,58078.47,3.0,,,,,,
CUST_107779,Structuring (7-day),Medium,Active,,2023-08-08 10:00:00,73308.48,4.0,,,,,,
CUST_107779,Structuring (7-day),Medium,Active,,2023-08-09 15:00:00,53678.38,3.0,,,,,,
CUST_107809,Structuring (7-day),Medium,Active,,2023-04-02 09:00:00,76851.54,5.0,,,,,,
CUST_107809,Structuring (7-day),Medium,Active,,2023-04-03 11:00:00,60214.34,4.0,,,,,,
CUST_108004,Structuring (7-day),Medium,Active,,2023-08-02 13:00:00,66178.14,4.0,,,,,,
CUST_108004,Structuring (7-day),Medium,Active,,2023-08-03 09:00:00,51412.39,3.0,,,,,,
CUST_108025,Structuring (7-day),Medium,Active,,2023-10-01 11:00:00,59548.49,6.0,,,,,,
CUST_108079,Structuring (7-day),Medium,Active,,2023-10-18 15:00:00,52193.9,4.0,,,,,,
CUST_108161,Structuring (7-day),Medium,Active,,2023-06-29 15:00:00,71741.21,5.0,,,,,,
CUST_108161,Structuring (7-day),Medium,Active,,2023-06-30 11:00:00,56661.92,4.0,,,,,,
CUST_108254,Structuring (7-day),Medium,Active,,2023-05-02 14:00:00,66398.22,4.0,,,,,,
CUST_108254,Structuring (7-day),Medium,Active,,2023-05-03 11:00:00,50977.87,3.0,,,,,,
CUST_108322,Structuring (7-day),Medium,Active,,2023-03-09 12:00:00,59527.67,5.0,,,,,,
CUST_108461,Structuring (7-day),Medium,Active,,2023-09-21 12:00:00,64285.14,5.0,,,,,,
CUST_108461,Structuring (7-day),Medium,Active,,2023-09-22 10:00:00,50014.13,4.0,,,,,,
CUST_108562,Structuring (7-day),Medium,Active,,2023-05-07 14:00:00,67045.39,6.0,,,,,,
CUST_108562,Structuring (7-day),Medium,Active,,2023-05-08 13:00:00,57509.83,5.0,,,,,,
CUST_108663,Structuring (7-day),Medium,Active,,2023-07-01 10:00:00,68841.94,6.0,,,,,,
CUST_108663,Structuring (7-day),Medium,Active,,2023-07-02 10:00:00,56317.93,5.0,,,,,,
CUST_108672,Structuring (7-day),Medium,Active,,2023-06-12 15:00:00,76617.75,4.0,,,,,,
CUST_108672,Structuring (7-day),Medium,Active,,2023-06-13 10:00:00,61142.22,3.0,,,,,,
CUST_108721,Structuring (7-day),Medium,Active,,2023-02-20 10:00:00,70588.02,4.0,,,,,,
CUST_108721,Structuring (7-day),Medium,Active,,2023-02-21 10:00:00,50387.19,3.0,,,,,,
CUST_108846,Structuring (7-day),Medium,Active,,2023-04-17 15:00:00,52811.45,6.0,,,,,,
CUST_108878,Structuring (7-day),Medium,Active,,2023-03-25 11:00:00,60514.92,4.0,,,,,,
CUST_109004,Structuring (7-day),Medium,Active,,2023-01-25 14:00:00,268421.19,6.0,,,,,,
CUST_109004,Structuring (7-day),Medium,Active,,2023-01-26 12:00:00,223082.75,5.0,,,,,,
CUST_109004,Structuring (7-day),Medium,Active,,2023-01-27 15:00:00,170327.73,4.0,,,,,,
CUST_109004,Structuring (7-day),Medium,Active,,2023-01-28 15:00:00,126600.26,3.0,,,,,,
CUST_109004,Structuring (7-day),Medium,Active,,2023-01-29 13:00:00,90776.34,2.0,,,,,,
CUST_109313,Structuring (7-day),Medium,Active,,2023-10-03 12:00:00,199770.12,4.0,,,,,,
CUST_109313,Structuring (7-day),Medium,Active,,2023-10-04 09:00:00,151486.62,3.0,,,,,,
CUST_109313,Structuring (7-day),Medium,Active,,2023-10-05 13:00:00,101388.1,2.0,,,,,,
CUST_109377,Structuring (7-day),Medium,Active,,2023-05-27 09:00:00,62444.42,6.0,,,,,,
CUST_109377,Structuring (7-day),Medium,Active,,2023-05-28 11:00:00,51925.1,5.0,,,,,,
CUST_109378,Structuring (7-day),Medium,Active,,2023-02-07 09:00:00,71463.3,5.0,,,,,,
CUST_109378,Structuring (7-day),Medium,Active,,2023-02-08 13:00:00,55447.16,4.0,,,,,,
CUST_109686,Structuring (7-day),Medium,Active,,2023-08-03 12:00:00,59558.95,4.0,,,,,,
CUST_109691,Structuring (7-day),Medium,Active,,2023-10-21 10:00:00,107845.2,2.0,,,,,,
CUST_109779,Structuring (7-day),Medium,Active,,2023-04-05 11:00:00,67448.36,4.0,,,,,,
CUST_109779,Structuring (7-day),Medium,Active,,2023-04-06 09:00:00,52536.88,3.0,,,,,,
CUST_109985,Structuring (7-day),Medium,Active,,2023-06-17 15:00:00,199104.01,5.0,,,,,,
CUST_109985,Structuring (7-day),Medium,Active,,2023-06-18 09:00:00,156669.48,4.0,,,,,,
CUST_109985,Structuring (7-day),Medium,Active,,2023-06-19 15:00:00,122107.25,3.0,,,,,,
CUST_109985,Structuring (7-day),Medium,Active,,2023-06-20 09:00:00,81340.88,2.0,,,,,,
CUST_109992,Structuring (7-day),Medium,Active,,2023-03-02 14:00:00,53479.29,6.0,,,,,,
CUST_100251,Rapid Movement,High,Active,,,,,2023-03-04 10:00:00,173396.0,0.9405,,,
CUST_100311,Rapid Movement,High,Active,,,,,2023-08-24 11:00:00,654307.29,0.9717,,,
CUST_100412,Rapid Movement,High,Active,,,,,2023-10-07 10:00:00,217268.0,0.9536,,,
CUST_100459,Rapid Movement,High,Active,,,,,2023-03-24 11:00:00,227878.0,0.9678,,,
CUST_100528,Rapid Movement,High,Active,,,,,2023-01-22 09:00:00,115389.0,0.9476,,,
CUST_100784,Rapid Movement,High,Active,,,,,2023-01-29 11:00:00,149397.0,0.9202,,,
CUST_101439,Rapid Movement,High,Active,,,,,2023-03-08 09:00:00,130383.0,0.9742,,,
CUST_101500,Rapid Movement,High,Active,,,,,2023-01-12 11:00:00,213856.0,0.9454,,,
CUST_101736,Rapid Movement,High,Active,,,,,2023-06-27 09:00:00,173268.0,0.9834,,,
CUST_102056,Rapid Movement,High,Active,,,,,2023-03-07 11:00:00,89514.0,0.9368,,,
CUST_102168,Rapid Movement,High,Active,,,,,2023-01-11 11:00:00,96781.0,0.9275,,,
CUST_102265,Rapid Movement,High,Active,,,,,2023-02-17 09:00:00,140077.0,0.9717,,,
CUST_102418,Rapid Movement,High,Active,,,,,2023-03-17 11:00:00,119208.0,0.9945,,,
CUST_102444,Rapid Movement,High,Active,,,,,2023-01-22 09:00:00,219345.0,0.9695,,,
CUST_102486,Rapid Movement,High,Active,,,,,2023-07-24 09:00:00,208345.0,0.9163,,,
CUST_102506,Rapid Movement,High,Active,,,,,2023-04-30 11:00:00,380257.99,0.9739,,,
CUST_102980,Rapid Movement,High,Active,,,,,2023-08-04 09:00:00,215637.0,0.9273,,,
CUST_102981,Rapid Movement,High,Active,,,,,2023-07-28 09:00:00,121208.0,0.9692,,,
CUST_103023,Rapid Movement,High,Active,,,,,2023-09-28 09:00:00,16121.98,1.5263,,,
CUST_103119,Rapid Movement,High,Active,,,,,2023-10-14 11:00:00,152916.0,0.9378,,,
CUST_103720,Rapid Movement,High,Active,,,,,2023-08-29 10:00:00,184609.0,0.9044,,,
CUST_103756,Rapid Movement,High,Active,,,,,2023-06-12 11:00:00,150540.0,0.9251,,,
CUST_103840,Rapid Movement,High,Active,,,,,2023-06-27 09:00:00,626872.9,0.9343,,,
CUST_103884,Rapid Movement,High,Active,,,,,2023-08-14 09:00:00,108010.0,0.942,,,
CUST_104104,Rapid Movement,High,Active,,,,,2023-09-22 11:00:00,662294.98,0.9316,,,
CUST_104253,Rapid Movement,High,Active,,,,,2023-04-02 10:00:00,87434.0,0.9583,,,
CUST_104271,Rapid Movement,High,Active,,,,,2023-09-27 09:00:00,145248.0,0.9879,,,
CUST_104535,Rapid Movement,High,Active,,,,,2023-09-03 10:00:00,462936.99,0.9349,,,
CUST_104602,Rapid Movement,High,Active,,,,,2023-06-22 10:00:00,899681.7,0.9203,,,
CUST_104670,Rapid Movement,High,Active,,,,,2023-09-29 09:00:00,197282.0,0.9637,,,
CUST_104749,Rapid Movement,High,Active,,,,,2023-05-30 11:00:00,237634.0,0.9728,,,
CUST_104899,Rapid Movement,High,Active,,,,,2023-05-22 11:00:00,132123.0,0.948,,,
CUST_105188,Rapid Movement,High,Active,,,,,2023-03-01 11:00:00,783652.74,0.9576,,,
CUST_105723,Rapid Movement,High,Active,,,,,2023-09-10 10:00:00,221694.0,0.9356,,,
CUST_105858,Rapid Movement,High,Active,,,,,2023-04-08 11:00:00,87256.0,0.9435,,,
CUST_106324,Rapid Movement,High,Active,,,,,2023-01-27 11:00:00,185683.0,0.9155,,,
CUST_106328,Rapid Movement,High,Active,,,,,2023-06-24 09:00:00,111608.0,0.9214,,,
CUST_106443,Rapid Movement,High,Active,,,,,2023-05-16 09:00:00,143204.0,0.9526,,,
CUST_106544,Rapid Movement,High,Active,,,,,2023-10-26 10:00:00,178322.0,0.9142,,,
CUST_106972,Rapid Movement,High,Active,,,,,2023-09-22 11:00:00,169390.0,0.9306,,,
CUST_107021,Rapid Movement,High,Active,,,,,2023-05-25 09:00:00,224593.0,0.9692,,,
CUST_107039,Rapid Movement,High,Active,,,,,2023-04-15 11:00:00,145847.0,0.9396,,,
CUST_107042,Rapid Movement,High,Active,,,,,2023-10-19 10:00:00,244183.0,0.947,,,
CUST_107222,Rapid Movement,High,Active,,,,,2023-03-29 10:00:00,231583.0,0.962,,,
CUST_107398,Rapid Movement,High,Active,,,,,2023-04-17 11:00:00,238472.0,0.914,,,
CUST_107773,Rapid Movement,High,Active,,,,,2023-05-29 11:00:00,222101.0,0.9508,,,
CUST_108052,Rapid Movement,High,Active,,,,,2023-05-27 11:00:00,112546.0,1.0051,,,
CUST_108078,Rapid Movement,High,Active,,,,,2023-05-13 11:00:00,176496.0,0.953,,,
CUST_108128,Rapid Movement,High,Active,,,,,2023-04-24 09:00:00,94758.0,0.9133,,,
CUST_108210,Rapid Movement,High,Active,,,,,2023-09-07 09:00:00,147018.0,0.9338,,,
CUST_108219,Rapid Movement,High,Active,,,,,2023-07-04 11:00:00,192297.0,0.9634,,,
CUST_108331,Rapid Movement,High,Active,,,,,2023-08-16 10:00:00,204171.0,0.9093,,,
CUST_108514,Rapid Movement,High,Active,,,,,2023-06-17 11:00:00,123158.0,0.9535,,,
CUST_108569,Rapid Movement,High,Active,,,,,2023-05-16 10:00:00,152839.0,0.9681,,,
CUST_108814,Rapid Movement,High,Active,,,,,2023-04-13 09:00:00,230389.0,0.9008,,,
CUST_108942,Rapid Movement,High,Active,,,,,2023-09-19 10:00:00,192700.0,0.9762,,,
CUST_109009,Rapid Movement,High,Active,,,,,2023-04-09 10:00:00,159887.0,0.9468,,,
CUST_109474,Rapid Movement,High,Active,,,,,2023-05-14 10:00:00,109528.0,0.9695,,,
CUST_109531,Rapid Movement,High,Active,,,,,2023-06-13 10:00:00,398058.6,0.9492,,,
CUST_109561,Rapid Movement,High,Active,,,,,2023-08-20 11:00:00,100585.0,0.95,,,
CUST_109694,Rapid Movement,High,Active,,,,,2023-12-14 14:00:00,16342.49,0.9999,,,
CUST_100372,Layering,Critical,Active,,,,,,,,2023-07-25,240335.0,BVI
CUST_100653,Layering,Critical,Active,,,,,,,,2023-01-17,402114.0,Seychelles
CUST_100820,Layering,Critical,Active,,,,,,,,2023-10-18,388745.0,Seychelles
CUST_100969,Layering,Critical,Active,,,,,,,,2023-06-18,446039.0,Cayman Islands
CUST_101280,Layering,Critical,Active,,,,,,,,2023-06-25,241467.0,Panama
CUST_101511,Layering,Critical,Active,,,,,,,,2023-06-22,112650.0,BVI
CUST_102058,Layering,Critical,Active,,,,,,,,2023-03-03,383242.0,Seychelles
CUST_103014,Layering,Critical,Active,,,,,,,,2023-08-11,278072.0,Cayman Islands
CUST_103344,Layering,Critical,Active,,,,,,,,2023-06-06,212515.0,Cayman Islands
CUST_103523,Layering,Critical,Active,,,,,,,,2023-09-23,300338.0,BVI
CUST_104082,Layering,Critical,Active,,,,,,,,2023-06-19,413105.0,Cayman Islands
CUST_104406,Layering,Critical,Active,,,,,,,,2023-03-14,331712.0,Panama
CUST_104942,Layering,Critical,Active,,,,,,,,2023-09-17,459459.0,BVI
CUST_105049,Layering,Critical,Active,,,,,,,,2023-08-31,353053.0,Panama
CUST_105431,Layering,Critical,Active,,,,,,,,2023-08-22,272442.0,Cayman Islands
CUST_105507,Layering,Critical,Active,,,,,,,,2023-08-14,347202.0,BVI
CUST_105594,Layering,Critical,Active,,,,,,,,2023-05-30,478922.0,Panama
CUST_106433,Layering,Critical,Active,,,,,,,,2023-05-04,290513.0,Cayman Islands
CUST_108067,Layering,Critical,Active,,,,,,,,2023-03-02,388814.0,Seychelles
CUST_108380,Layering,Critical,Active,,,,,,,,2023-08-28,198363.0,Panama
CUST_109639,Layering,Critical,Active,,,,,,,,2023-06-08,133441.0,Cayman Islands
